queriedAddress,balance,hash,type,blockNumber,gasPrice,from,value
"0x96A8Ba1b5BEb2326C883e46eB03775A72c36a6B3","28.386095547063703951","0xbb58aeda013c6b1a07d6d195985da8ec0190f1003c75a43163593ae2dbe495cc",0,3432426,"3000000000","0xf0046E53d11c6E7a6BAdB4C9E849fCC26509dc16","500000000000000000"
,,"0x4539dae9d7b218ed67d1f9c7c8d6049424832549ecf18634d1a5265f11a6e6a7",0,3432432,"1500000007","0x96A8Ba1b5BEb2326C883e46eB03775A72c36a6B3","100000000000000000"
,,"0x2d724ebdb723970530788b3ed8c903c372b0b7bbc4d0a97d64d8bed0c37904c9",0,3432482,"1500000007","0x96A8Ba1b5BEb2326C883e46eB03775A72c36a6B3","0"
,,"0x6b3a3928c807b98781329c3d51d915d55fd56970a75a659d74df29ce357c3b9c",0,3432483,"1500000007","0x96A8Ba1b5BEb2326C883e46eB03775A72c36a6B3","0"
,,"0xab54b6fe004f4670911b3af968d581a700fe4cc4211c39ea3e52b556c79d1ab7",0,3432485,"1500000007","0x96A8Ba1b5BEb2326C883e46eB03775A72c36a6B3","0"
,,"0x97d3247b398afc0947c1706d2c9df11dafcefc4a09e03c46369f3a49be4202cd",0,3432537,"1500000011","0x96A8Ba1b5BEb2326C883e46eB03775A72c36a6B3","0"
,,"0x0b77fe546155f7132ea9efaa383801034f5de9ac920419aca1cde38e0a790c76",0,3432604,"1500000007","0x96A8Ba1b5BEb2326C883e46eB03775A72c36a6B3","0"
,,"0xca1af1e299d4bf88add59ec4bd8d650c197587ebfa2100557e7e169dab69c3af",0,3432606,"1500000007","0x96A8Ba1b5BEb2326C883e46eB03775A72c36a6B3","0"
,,"0xc298b8997fab921112e7e3f9d8774617d3b1c822af726a429c0d6be39a582b00",0,3432607,"1500000007","0x96A8Ba1b5BEb2326C883e46eB03775A72c36a6B3","0"
,,"0xf4499e08efe3ddf0c95656b3cd1a8c7c25d0bc94a81bc999f4f1a3829e60705b",0,3432611,"1500000007","0x96A8Ba1b5BEb2326C883e46eB03775A72c36a6B3","0"
,,"0x5475faf0a57b88b92b9e91b745c3f2a0115ac79fdd75175c27269dea4e8c9683",0,3432613,"1500000007","0x96A8Ba1b5BEb2326C883e46eB03775A72c36a6B3","0"
,,"0x2739d280b22f2f660dcf63b48d9818dc361e2fb46ba0707be1c5d5c8c47354ba",0,3432616,"1500000007","0x96A8Ba1b5BEb2326C883e46eB03775A72c36a6B3","0"
,,"0x002a0b2387422a13ffbcb58ec8ddcebb1aca40e6eb4e396751dcdfa3b772ede5",0,3432618,"1500000007","0x96A8Ba1b5BEb2326C883e46eB03775A72c36a6B3","0"
,,"0xcc1826fb3937d4355bc4ed195559af90d0486a212d1e28b517092835231fa485",0,3432628,"1500000007","0x96A8Ba1b5BEb2326C883e46eB03775A72c36a6B3","0"
,,"0xaa9f5a016c5130ddab0f8826d70fae67446c39691b64c553313d67bec45b676b",0,3432635,"1500000007","0x96A8Ba1b5BEb2326C883e46eB03775A72c36a6B3","0"
,,"0xc40bb7c460a08ef7f2a70ef69fd5bd619ac049d5d62a7571a78cb395277d0082",0,3432763,"1500000007","0x96A8Ba1b5BEb2326C883e46eB03775A72c36a6B3","0"
,,"0x2db83ad4514759e0838cd9bb07560a05d41eae742adb46a913c6429e6f7f1185",0,3432765,"1500000007","0x96A8Ba1b5BEb2326C883e46eB03775A72c36a6B3","0"
,,"0xcb6c506095235820d701e07ca0dfbddbc75233034246b7fcd42b9148daf2260a",0,3440039,"1500000007","0x96A8Ba1b5BEb2326C883e46eB03775A72c36a6B3","200000000000000000"
,,"0x280f61be63f78bab1907a01febfa81bc229c5d7add16fdce0e8b1ea2fab435ca",0,3440080,"3000000000","0x4CfBa0272B33AD7DF28Cc3F4d15D601545AD2Dd2","500000000000000000"
,,"0x0e5e17602da60f7b89562a47a3945ce92357b5c9a4477eca34f4eb886b106529",0,3444542,"1500000007","0x96A8Ba1b5BEb2326C883e46eB03775A72c36a6B3","0"
,,"0xcfbfc0e42689d2b5ce6d39584e283d2430ec1216d3b31e55b2f2a96a256b8844",0,3444558,"1500000007","0x96A8Ba1b5BEb2326C883e46eB03775A72c36a6B3","0"
,,"0xd750d361b35d91985d5d2508f3f58254c392c30614af59cdaa5e733b0f77aaa2",0,3444585,"1500000007","0x96A8Ba1b5BEb2326C883e46eB03775A72c36a6B3","0"
,,"0x05a57b3c593fd23579bc7b76bdbad071f9f33ec22e54da2f351f630be9f9dd14",0,3446709,"1500000007","0x96A8Ba1b5BEb2326C883e46eB03775A72c36a6B3","0"
,,"0x0d323e48b42a253f5124e199bfbd8332bf24e01a7bfd499f59c1849d87987b63",0,3446718,"1500000007","0x96A8Ba1b5BEb2326C883e46eB03775A72c36a6B3","0"
,,"0x626374b447796ec27824b2372de4b27fc7cf1c9853bbe30f90002645ec38cd79",0,3446751,"1500000008","0x96A8Ba1b5BEb2326C883e46eB03775A72c36a6B3","0"
,,"0x4c033ae4e492359bedf6752dafeab0dc9409c4f321ff922b5332ce3d202e73c9",0,3448039,"2999999997","0x8b8A3c7B9a182F3176885CF4c72aC53271EB9D7e","500000000000000000"
,,"0x5b71ee5e6e82ab4856e7b1914132ab9e684f8425aac4c4d415d824ca63b583f0",0,3453499,"1500000007","0x96A8Ba1b5BEb2326C883e46eB03775A72c36a6B3","0"
,,"0x36bf494296179cce90b3c5ea6e4e94972974821e3fb77e006482a3a8b7d37357",0,3459164,"1500000007","0x6bA46F7A83E59fa7D18bc9510c73163823833922","20000000000000000"
,,"0x14a120622d5ab6382e74f9f21251edfdb1b2eb91c5821c6bc72b2069ca5ad4d3",0,3460384,"2000000008","0x6Cc9397c3B38739daCbfaA68EaD5F5D77Ba5F455","18445560000000000"
,,"0x6aa9b90a75547d3767a10e464adfc8131eca16f72bfceacdf82e78b4cec60f9c",0,3461765,"3000000000","0xEDaf4083F29753753d0Cd6c3C50ACEb08c87b5BD","500000000000000000"
,,"0xfbb6d24adc61ea789ea4b9f3b71972219fbd8ebe759738587544f11a2cfa1e8e",0,3461772,"2000000007","0x6Cc9397c3B38739daCbfaA68EaD5F5D77Ba5F455","212036820000000000"
,,"0x233d2c181eaba91f0c49e1854cbd02b0c6b4f87595d62be2616618dc630e6105",0,3465334,"1500000009","0x96A8Ba1b5BEb2326C883e46eB03775A72c36a6B3","0"
,,"0xfbff5d8d9f6aa3b4c4653cbb473755489278db3801a753b5037cca5adc33e1b6",0,3465338,"1500000009","0x96A8Ba1b5BEb2326C883e46eB03775A72c36a6B3","2000000000000000000"
,,"0x1d805c3bd241d5a8109aa4d5531992bb91ba0fb42f7f631314fe449042eef60d",0,3465380,"1500000010","0x96A8Ba1b5BEb2326C883e46eB03775A72c36a6B3","0"
,,"0xf4578f0c2a200a52b4568ecec1552566062fd14028771884ded4f77b61d7d04c",0,3465381,"1500000010","0x96A8Ba1b5BEb2326C883e46eB03775A72c36a6B3","0"
,,"0x1bc0cd49f16918902ad6295496d30baf9ae6c88365f9416591e6c8ba8c3a3438",0,3467445,"2000000007","0x6Cc9397c3B38739daCbfaA68EaD5F5D77Ba5F455","222958205000000000"
,,"0xeb522febd416e27ba6ff0324fd7b1e7cdb67c7fb40c9e92c05653d01ecf89f16",0,3469020,"3000000021","0xA7E4EF0a9e15bDEf215E2ed87AE050f974ECD60b","500000000000000000"
,,"0xaecf95b9e208018f2437d94ae2ebcb3ccd43e99a29e6fba469b5297a9d409f1e",0,3472438,"1500000007","0x96A8Ba1b5BEb2326C883e46eB03775A72c36a6B3","0"
,,"0xb905aa4e03262552f6d8410f076cc0ef980fab37a601e0f0fca94c06a06a4cb1",0,3472446,"1500000007","0x96A8Ba1b5BEb2326C883e46eB03775A72c36a6B3","0"
,,"0xc4198eb141a812f0ccdc739e0e977e154332221ee614078ecb676d8646715f80",0,3472453,"1500000007","0x96A8Ba1b5BEb2326C883e46eB03775A72c36a6B3","0"
,,"0xa63a7d3faa501994518be8fce877e98af056b281362c6dd819ece99028186d8a",0,3472460,"1500000007","0x96A8Ba1b5BEb2326C883e46eB03775A72c36a6B3","0"
,,"0xa3ea00d58d0c0a8084dc1086e0148daa0759c79bb611166271975c3d37b75ed8",0,3472469,"1500000007","0x96A8Ba1b5BEb2326C883e46eB03775A72c36a6B3","0"
,,"0x7610cb82810b47277842999787ba64b3c28d74e738b6b613d9cfeb376e9d3bfe",0,3472477,"1500000007","0x96A8Ba1b5BEb2326C883e46eB03775A72c36a6B3","0"
,,"0xacf4158d7775c73271869a76ec557b1dbe43771d8ba673085119648662fdf687",0,3472485,"1500000007","0x96A8Ba1b5BEb2326C883e46eB03775A72c36a6B3","0"
,,"0x8a19a2c7a7be6b4a2b80c6b7021885600cb990ca2a9b73777a85d55d51db6f4f",0,3472494,"1500000007","0x96A8Ba1b5BEb2326C883e46eB03775A72c36a6B3","0"
,,"0xbb80aff93561786bfed39667fb3cc3e5d5612c26fc3a80afdbf2b556b99ebf36",0,3477924,"4499999997","0xEDaf4083F29753753d0Cd6c3C50ACEb08c87b5BD","500000000000000000"
,,"0x6a86dc585080b631e49e92ea57dc03c8fbeffe63e304a34b8039d66ef272b9b5",0,3484382,"1500000014","0x96A8Ba1b5BEb2326C883e46eB03775A72c36a6B3","0"
,,"0x56226c57e77ee10d9d6cde4f7bad8b1a3d5d6d6b6fd3f161b80ae60e1e2ab180",0,3484392,"1500000014","0x96A8Ba1b5BEb2326C883e46eB03775A72c36a6B3","100000000000000000"
,,"0x02aa85220e202d6543992f1219253d2c17af88346057605a9e0c52a482a313ad",0,3484432,"1500000010","0x96A8Ba1b5BEb2326C883e46eB03775A72c36a6B3","0"
,,"0xce54cd6482b425ba7cc1892dffd6d730370002be740d09d1f7152b5919706a55",0,3486436,"1500000010","0x96A8Ba1b5BEb2326C883e46eB03775A72c36a6B3","0"
,,"0x7eacc22a8942a2a77b2b7b0fc59edf1114d1dcde206a6427da8d9e552c518c40",0,3486492,"1500000009","0x96A8Ba1b5BEb2326C883e46eB03775A72c36a6B3","0"
,,"0x76e0128ae99fd26592b8c3a7b6146dff13a0466cf39b99ab166f9a9645cb0c05",0,3486531,"1500000009","0x96A8Ba1b5BEb2326C883e46eB03775A72c36a6B3","0"
,,"0x2b95fd8e6d7e420c86eb684e79c7ef14eae63412cfe1062634d6c9ac178acb05",0,3488133,"1500000008","0x96A8Ba1b5BEb2326C883e46eB03775A72c36a6B3","0"
,,"0xda34aaf3f7ec714083a34d4e7e5ee5681d7f0d1c0bf72f1bbeb141d750d4c46f",0,3488166,"1500000009","0x96A8Ba1b5BEb2326C883e46eB03775A72c36a6B3","0"
,,"0x61ac7f702487c52072eb9517f38c2f35bb24ef4ee8f56c82471858f71a55d7ed",0,3495849,"4500000030","0x3C352eA32DFBb757CCdf4b457E52daF6eCC21917","500000000000000000"
,,"0x716e1fa2e7d329c5c171d2d9742dbdef925543f3dc79ff98c55d4a02cb77c68a",0,3510770,"4500000030","0x631E9B031b16b18172a2B9D66C3668A68a668d20","500000000000000000"
,,"0x1c98de7abcacfc40cdb57b41a2bc2ec163d3499c58996d6366e2cea73b30d9a3",0,3518454,"3000000027","0x7Ed746476A7F6520BABD24eeE1fDbCD0F7FB271f","500000000000000000"
,,"0x73e8206d4b8b581920969a99eb39d4618d7570bb253fb7846833200a528272dc",0,3539453,"4500000021","0x7Ed746476A7F6520BABD24eeE1fDbCD0F7FB271f","500000000000000000"
,,"0x9840cfae0591ae180a4c44c5211a0277e3ea46e6bbb3a62435015a89386a4d02",0,3555726,"3000000033","0xA7E4EF0a9e15bDEf215E2ed87AE050f974ECD60b","500000000000000000"
,,"0x32b73b8eec0b2c9513a09bda231843d13459237154d10cbc5cff1f9163d8182d",0,3556373,"2500000009","0x96A8Ba1b5BEb2326C883e46eB03775A72c36a6B3","0"
,,"0x8d847c7b403b24194b1db38185d828a249763fd292cb8d24beca511e733339d4",0,3556381,"2500000011","0x96A8Ba1b5BEb2326C883e46eB03775A72c36a6B3","0"
,,"0x57e702e08eb5db9b5dd8cd23d801636a2b4b2f97b6fc01d641ff05c9278724cf",0,3556413,"2500000010","0x96A8Ba1b5BEb2326C883e46eB03775A72c36a6B3","0"
,,"0x617e9d69185397ca2631ed07ac62a3ac655a27920748c76953bb118a03bcf30c",0,3556413,"2500000010","0x96A8Ba1b5BEb2326C883e46eB03775A72c36a6B3","0"
,,"0xdc30f33ce3112fce448ddbb4e790cacce43f5bf5668792b522947288b0d7e449",0,3556421,"2500000009","0x96A8Ba1b5BEb2326C883e46eB03775A72c36a6B3","0"
,,"0xa5557ef12b7e81e164bb0ea764a3d3073960564520eee94c1fb4e0a1000fb9dd",0,3556421,"2500000009","0x96A8Ba1b5BEb2326C883e46eB03775A72c36a6B3","0"
,,"0x2cf56b60834c87f03ee0fde452bbd3fd177b1ee3c6184a155005f2612cee505a",0,3556423,"2500000009","0x96A8Ba1b5BEb2326C883e46eB03775A72c36a6B3","0"
,,"0xf022266e05e7e0e9a0ce4b41078b1f15fd0a20e6c800180ef8ef96efc87ec026",0,3556427,"2500000009","0x96A8Ba1b5BEb2326C883e46eB03775A72c36a6B3","0"
,,"0xde6af7b750aa180352589ddd43231cb5a94e50242bcd75afc692153fa43c3a9b",0,3556539,"2500000012","0x96A8Ba1b5BEb2326C883e46eB03775A72c36a6B3","0"
,,"0xe757587c5aafcff2b74ee1aa056075b06c4c20cbeb7f686c20c2a66be3d18ad7",0,3556539,"2500000012","0x96A8Ba1b5BEb2326C883e46eB03775A72c36a6B3","0"
,,"0x4500fc549c72bdfe6fa5df9a4c79960dcbef5a59d469bb953a907adc60b46a56",0,3556541,"2500000012","0x96A8Ba1b5BEb2326C883e46eB03775A72c36a6B3","0"
,,"0x5c0df249155debb8db3c66ac619492f61dfacd715b78e3852b82384bddd39ad5",0,3556558,"2500000010","0x96A8Ba1b5BEb2326C883e46eB03775A72c36a6B3","0"
,,"0xa3480cdc9bd7e62d9101301723b9a28c2b881d666337ccfb2e2b3c7019f936f8",0,3556559,"2500000011","0x96A8Ba1b5BEb2326C883e46eB03775A72c36a6B3","0"
,,"0xc1db832fece2eac69cebe672ff1abe9e9b0fd4e1164cf405cd14e0917cf8958d",0,3556560,"2500000011","0x96A8Ba1b5BEb2326C883e46eB03775A72c36a6B3","0"
,,"0x2afc34b9f7349bde9b7624f7f4875afb152458e8ef4661e4a92b08f642395729",0,3556562,"2500000011","0x96A8Ba1b5BEb2326C883e46eB03775A72c36a6B3","0"
,,"0x4f5d4a95c245409451d8262dd0e97d8f57a5bfdda95477607ab5fa701660178c",0,3556562,"2500000011","0x96A8Ba1b5BEb2326C883e46eB03775A72c36a6B3","0"
,,"0x5f302391681e45f822072a66a71dee0ca2b10543ec95a2580ff1f7042d3adce5",0,3556564,"2500000010","0x96A8Ba1b5BEb2326C883e46eB03775A72c36a6B3","0"
,,"0x6cc44ba954e54d723a89d4fbbc2f4e1853659ce509b97e713292868284f716f0",0,3556617,"2500000009","0x96A8Ba1b5BEb2326C883e46eB03775A72c36a6B3","0"
,,"0xd028b5357d3e232e7cc74e12987b7c0b3133e6ce054af5ec8d5abda82dd3606c",0,3556620,"2500000009","0x96A8Ba1b5BEb2326C883e46eB03775A72c36a6B3","0"
,,"0x904b5f27bae9abe7296173ffdb4b4353979b096fa9630c9556445b69863adf07",0,3556632,"2500000010","0x96A8Ba1b5BEb2326C883e46eB03775A72c36a6B3","0"
,,"0x1988e4bdc08c8ab2918341e2d63449cc7185ec627508a1083ac2fdba5bf406d0",0,3556635,"2750000009","0x96A8Ba1b5BEb2326C883e46eB03775A72c36a6B3","0"
,,"0xb5ea8c83cff07f29177866e029df3f9c528b4806aba8f482a372c2a9deaa04c8",0,3556635,"2500000009","0x96A8Ba1b5BEb2326C883e46eB03775A72c36a6B3","0"
,,"0xb74158eb3eca658446e40ac4e4e4b4625727b1cdde465665fc620d3785e99997",0,3556643,"2750000009","0x96A8Ba1b5BEb2326C883e46eB03775A72c36a6B3","0"
,,"0x55ec8130d91d4258f3c1382379571dd09a42dcf02c03b0f570b9e614c5cc8124",0,3556652,"2500000009","0x96A8Ba1b5BEb2326C883e46eB03775A72c36a6B3","0"
,,"0x234127db839eaa23862abc81ddb95356f22458e918c5fb6d6e5d9ef13a46a5a7",0,3556660,"2500000009","0x96A8Ba1b5BEb2326C883e46eB03775A72c36a6B3","0"
,,"0x9a5d3b8a962f242b94f78dd9a96232c6ba1ff6fe7e68060abbb802498a990b9e",0,3556662,"2500000009","0x96A8Ba1b5BEb2326C883e46eB03775A72c36a6B3","0"
,,"0x4e987cdd54f6319b9ee1977c30d237b11ecc8828dc2aaac1ddc781a4b2392aef",0,3556670,"2500000008","0x96A8Ba1b5BEb2326C883e46eB03775A72c36a6B3","0"
,,"0x0075600b903615dd982b6396185576f6bdc682b41b409b96e094711d3be2bee8",0,3556673,"2500000009","0x96A8Ba1b5BEb2326C883e46eB03775A72c36a6B3","0"
,,"0x1d0c62f4ab90822f82c4a11f50e1d6ec45d3f85e9b352f8db4e5b85edf22f8d8",0,3556675,"2500000009","0x96A8Ba1b5BEb2326C883e46eB03775A72c36a6B3","0"
,,"0x361f9a8e54cfbe6efaab9fdc4273e18d882b6cc771fb84e3431117e72a40071f",0,3556676,"2500000010","0x96A8Ba1b5BEb2326C883e46eB03775A72c36a6B3","0"
,,"0xffc6f143c850714623bdad61c91c2073500710aabb3f470b7e6a128aa41c824d",0,3559943,"2500000008","0x96A8Ba1b5BEb2326C883e46eB03775A72c36a6B3","0"
,,"0x5a2ff16668a764dc6716c69d898d0f1f41906250a80e99a76436dbb896df4b9e",0,3559945,"2500000008","0x96A8Ba1b5BEb2326C883e46eB03775A72c36a6B3","0"
,,"0xa2346edf96dedc88fbc7999ad0c2d312d5a882afab4558205afcba8c5e3e62c3",0,3559950,"2500000008","0x96A8Ba1b5BEb2326C883e46eB03775A72c36a6B3","0"
,,"0xd4926f726f188ae49f80b465deb30d8010d0cc73e9b23b12e88751cba8ee4198",0,3559950,"2500000008","0x96A8Ba1b5BEb2326C883e46eB03775A72c36a6B3","0"
,,"0x2d62e4e64cff5b037c8369d8b324bc6c7db7e7f092429242da9e6689315b1160",0,3559954,"2750000008","0x96A8Ba1b5BEb2326C883e46eB03775A72c36a6B3","0"
,,"0xc1bfd119643c5f3d85dd572cd1bd8327333fe8868f6b982bdc757f6a5f9718d8",0,3559962,"2500000009","0x96A8Ba1b5BEb2326C883e46eB03775A72c36a6B3","0"
,,"0x43275bbd4be1c09ed7dcef2aeffa2117728850299abb22a0fbd681b32031e428",0,3559970,"2500000008","0x96A8Ba1b5BEb2326C883e46eB03775A72c36a6B3","0"
,,"0xb15af6d16b8409dc334bcf3bc6c531a2611106d81592fb0de6d03b615decf47c",0,3559978,"2500000008","0x96A8Ba1b5BEb2326C883e46eB03775A72c36a6B3","0"
,,"0xd977d7aafdd14b33c0057890dab546ab29003b517e93726949a9f532f4a79a95",0,3559985,"2500000008","0x96A8Ba1b5BEb2326C883e46eB03775A72c36a6B3","0"
,,"0x3e928cb5d6fd26353ad6bd8f4bee990e7ec9f785a9558a63760c35979b5b04f0",0,3559987,"2500000008","0x96A8Ba1b5BEb2326C883e46eB03775A72c36a6B3","0"
,,"0xc62b9bcb885545aee0c67eb9ccff7549e33dd316ee157bd893ff5fa0909c682b",0,3559995,"2500000008","0x96A8Ba1b5BEb2326C883e46eB03775A72c36a6B3","0"
,,"0x7fb6a06355dc4eab0c71f93205feef7156a7a0fa81daa9289711dff84785065e",0,3560000,"2500000008","0x96A8Ba1b5BEb2326C883e46eB03775A72c36a6B3","0"
,,"0x83fa276add4435cd8ee87fa3693dbe9dabbeffd5f0eb4d89f7bd086ee2aee341",0,3563113,"4500000027","0x3C352eA32DFBb757CCdf4b457E52daF6eCC21917","500000000000000000"
,,"0xd82068068fa8fbca0feec357835b391ad1529821b849bbd64bed29864deb2361",0,3565930,"2500000008","0x96A8Ba1b5BEb2326C883e46eB03775A72c36a6B3","0"
,,"0x1539f1d6d9b69551842b6fdbd1710d24c01de71451de8d674cb844eff2d9cef0",0,3565936,"2500000008","0x96A8Ba1b5BEb2326C883e46eB03775A72c36a6B3","0"
,,"0xc4849cdab2bfec1dfa53af90fe385e80491c77e3e863abc57ea7dcbd375431b7",0,3565944,"2500000008","0x96A8Ba1b5BEb2326C883e46eB03775A72c36a6B3","0"
,,"0x76b617868e0d1165030ea60d612e380c092ca9204d34cd1f212b2d38360b7829",0,3565970,"2500000007","0x96A8Ba1b5BEb2326C883e46eB03775A72c36a6B3","0"
,,"0xe6a790767770f19b2e046a15447680506ea855628c591aad71d7346b0295b589",0,3565972,"2500000007","0x96A8Ba1b5BEb2326C883e46eB03775A72c36a6B3","0"
,,"0x22927501f304810f7af6fa1d69ee71fc3890e647eff3fa39cee6249575176750",0,3565978,"2500000007","0x96A8Ba1b5BEb2326C883e46eB03775A72c36a6B3","0"
,,"0x3e686c650d0913683c7899b01c3b62561f9c9210b253abc20f3b5e7693cf6ad3",0,3565982,"2500000007","0x96A8Ba1b5BEb2326C883e46eB03775A72c36a6B3","0"
,,"0x3dee3e598e7462bc0ea6a958447c41f97a69c626736d5011d6d2bbc5777e831f",0,3565992,"2500000007","0x96A8Ba1b5BEb2326C883e46eB03775A72c36a6B3","0"
,,"0x1360eccc1a9142e5902f7e5928a4701bbdbe1b245c168c9b4f4530466c15564b",0,3566015,"2500000007","0x96A8Ba1b5BEb2326C883e46eB03775A72c36a6B3","0"
,,"0x80fa2ea03864e8bac62a17e689c067fd85b259e40c22c0267b795a6e6759e4ba",0,3566029,"2500000007","0x96A8Ba1b5BEb2326C883e46eB03775A72c36a6B3","0"
,,"0x5680970c76e7de26b6447943b67b967da7918d4bced58a86e89de1daaa213414",0,3566037,"2500000007","0x96A8Ba1b5BEb2326C883e46eB03775A72c36a6B3","0"
,,"0x9dbe4c7265f42ab839af09f3520344d0f90d6e3dee7871c49e526eca468e92bd",0,3566039,"2500000007","0x96A8Ba1b5BEb2326C883e46eB03775A72c36a6B3","0"
,,"0x25d86c7d2de3d9bb70b1df77d9e2495c3b9032e4a5ef677382728ccba63a0c77",0,3566046,"2500000007","0x96A8Ba1b5BEb2326C883e46eB03775A72c36a6B3","0"
,,"0x2f255695f5b50b1e01a7741469564e902cca93639de5906513b5448213f77818",0,3566048,"2500000007","0x96A8Ba1b5BEb2326C883e46eB03775A72c36a6B3","0"
,,"0x751c9b2e7d28d26e8c5777e36c6ac8b7094ffd1ad7bd37ce862a97be9c29f952",0,3566271,"2500000007","0x96A8Ba1b5BEb2326C883e46eB03775A72c36a6B3","0"
,,"0x439db9e2f3e4a79d793611cbaf18373ff2c234316e66a02f12758a3d8aff43a9",0,3566277,"2500000007","0x96A8Ba1b5BEb2326C883e46eB03775A72c36a6B3","0"
,,"0x2bdbdda18ca8615435fea284b449ebf6e464b31886f3f312954896a7d0237c6c",0,3566279,"2500000007","0x96A8Ba1b5BEb2326C883e46eB03775A72c36a6B3","0"
,,"0xea9207ba2b63273fd665b555584a5ce2b5430b13de194fa249c1cb65ec020e9a",0,3566304,"2500000007","0x96A8Ba1b5BEb2326C883e46eB03775A72c36a6B3","0"
,,"0x259c25a08ad956da2b13540d99a6a515c7e76c78333f98a93d81c05102957ce2",0,3566312,"2500000007","0x96A8Ba1b5BEb2326C883e46eB03775A72c36a6B3","0"
,,"0x5423ece61ab7f910741ab1f98f145b60c663f8de3f35722e121100c9cee57a00",0,3566331,"2500000007","0x96A8Ba1b5BEb2326C883e46eB03775A72c36a6B3","0"
,,"0xa1ba4af1bfcb439ba0809598bf44c80496c657404be928fac131f9eef77364be",0,3566331,"2500000007","0x96A8Ba1b5BEb2326C883e46eB03775A72c36a6B3","0"
,,"0xdf1389f0dc9a5373983126de2b72255cc0de2504fed24aac049f9c23dfb6f0d1",0,3573033,"3000000024","0x631E9B031b16b18172a2B9D66C3668A68a668d20","500000000000000000"
,,"0x1bdf428f56535d0e9cb40a9da9db319b33837e58f88f96b5d7707bc76a3ab30b",0,3573101,"2500000008","0x96A8Ba1b5BEb2326C883e46eB03775A72c36a6B3","0"
,,"0x53d381d7b61c800ac47ee9dbef5d1d8adaed510e97c62c74b2dde8db221ac779",0,3573104,"2500000008","0x96A8Ba1b5BEb2326C883e46eB03775A72c36a6B3","0"
,,"0xcfc0ab400e73c38df169518dcc8cad92112f905ad4e1d8a5fbefca76fb9e00d6",0,3573114,"2500000008","0x96A8Ba1b5BEb2326C883e46eB03775A72c36a6B3","0"
,,"0xd73cb15ce530072ca353046d9414f680b8cd819f8ca3e2a9cad1df5a1d883121",0,3573116,"2500000008","0x96A8Ba1b5BEb2326C883e46eB03775A72c36a6B3","0"
,,"0xac309407c075113a74580dd52d4a8285d4c27c40563a17a17d58e79dde6946a8",0,3573134,"2500000008","0x96A8Ba1b5BEb2326C883e46eB03775A72c36a6B3","0"
,,"0xa8a34b1c52889385e8460283870e9f535525df310e46549540f2e9c1bc9eb9ea",0,3573136,"2500000008","0x96A8Ba1b5BEb2326C883e46eB03775A72c36a6B3","0"
,,"0xdb8d179b7cf9722f7cc3430181513680a3363680cdbd5b337abf748e3135723b",0,3573144,"2500000008","0x96A8Ba1b5BEb2326C883e46eB03775A72c36a6B3","0"
,,"0x294ac9aa3cfd7aefeca37161f0d53fa2adb6a344764f162384d97d9fb6dd590b",0,3573145,"2500000008","0x96A8Ba1b5BEb2326C883e46eB03775A72c36a6B3","0"
,,"0x6bf18e1953c08f96118f160ef6fe6e4b885b39153f1d4da49c179a8c0814386d",0,3573147,"2500000008","0x96A8Ba1b5BEb2326C883e46eB03775A72c36a6B3","0"
,,"0x567ba2c525972d875415da8d756b0e251ce7a8a566d1b177a1f44f2e82c9b707",0,3574878,"2500000007","0x96A8Ba1b5BEb2326C883e46eB03775A72c36a6B3","0"
,,"0x4074de48f7d6b88f8bd02756e775ec55e723896dc5bbe2791e130bd288632eb8",0,3574881,"2500000007","0x96A8Ba1b5BEb2326C883e46eB03775A72c36a6B3","0"
,,"0x68e9c04784eaebe0b76eb430d3c356afeefbf736ccfdc8e6d74e033fe4f9e61b",0,3574883,"2500000007","0x96A8Ba1b5BEb2326C883e46eB03775A72c36a6B3","0"
,,"0xdbffc4c465568a93c0d9b169f3d7ef397883964cd778833513eeecc54c3afd35",0,3574885,"2500000007","0x96A8Ba1b5BEb2326C883e46eB03775A72c36a6B3","0"
,,"0xbb92353130b3a08933ba842a9ea0f14168fecd76d49e15cdda71fe9f8747a261",0,3574887,"2500000007","0x96A8Ba1b5BEb2326C883e46eB03775A72c36a6B3","0"
,,"0xfce40bd2d3828406b3a09b1e364882cb632a7e8c77a4087a226d5ebcc0d41045",0,3574889,"2500000007","0x96A8Ba1b5BEb2326C883e46eB03775A72c36a6B3","0"
,,"0x5188ec88599188d2791788554f60de1b5a4f2bbb3231b51a9b2baf96f7ff5686",0,3574891,"2500000007","0x96A8Ba1b5BEb2326C883e46eB03775A72c36a6B3","0"
,,"0x075942ca2d866a68e36e2bbc650f44af4bc988483bc348b75169a68243b2bbeb",0,3574891,"2500000007","0x96A8Ba1b5BEb2326C883e46eB03775A72c36a6B3","0"
,,"0x6378a3981deaeb274dbca439f8497ed31cfaee8d9f24bfde5daa398776506097",0,3574894,"2500000007","0x96A8Ba1b5BEb2326C883e46eB03775A72c36a6B3","0"
,,"0x24b949010d1126a5d61dfbfd1cd0a986d023243c91522f6e73214d144842f7a8",0,3574897,"2500000007","0x96A8Ba1b5BEb2326C883e46eB03775A72c36a6B3","0"
,,"0xd97d628e751209d14259b4a0e040cc32044342cd2278270760c219752c56a693",0,3574900,"2500000007","0x96A8Ba1b5BEb2326C883e46eB03775A72c36a6B3","0"
,,"0x273c6427a7a2e280849efcb5a7d9b2fa7b8278ec887eed1c5dbe5af391a79797",0,3574902,"2500000007","0x96A8Ba1b5BEb2326C883e46eB03775A72c36a6B3","0"
,,"0x4c5438793c7004c3ee9d22b3e7c556ce5fd0dba021e3a52b1d707e5480319ecd",0,3574904,"2500000007","0x96A8Ba1b5BEb2326C883e46eB03775A72c36a6B3","0"
,,"0xa5fb657246a34a343dedd2f0258cb19ad8d95779b74688882a4559154c777caa",0,3574906,"2500000007","0x96A8Ba1b5BEb2326C883e46eB03775A72c36a6B3","0"
,,"0x367efc16bc73fe97afdc803099e9d7c9f1c7949cc2645d637696a211f65deef1",0,3574908,"2500000007","0x96A8Ba1b5BEb2326C883e46eB03775A72c36a6B3","0"
,,"0xa2437172e7a0f699b271058486a6923aaac6d9b2f740b5aad25f141aeb606f3c",0,3574910,"2500000007","0x96A8Ba1b5BEb2326C883e46eB03775A72c36a6B3","0"
,,"0xcec2ded290223198bad4431bc8aecfbe67f24f08fac211b61c4339914f0e5874",0,3574912,"2500000007","0x96A8Ba1b5BEb2326C883e46eB03775A72c36a6B3","0"
,,"0xdfb667ed6af753c2b3ec1c0a2faa19ce7be1022813dce17a95617f29843526ba",0,3574914,"2500000007","0x96A8Ba1b5BEb2326C883e46eB03775A72c36a6B3","0"
,,"0x4799abc662befa27436f98392e02c5c6a47039e0fadc6116381b43f6b214396b",0,3574916,"2500000007","0x96A8Ba1b5BEb2326C883e46eB03775A72c36a6B3","0"
,,"0x958d76c3c439d9e8995319774c47316b043709ac5185fd8598154ad35b4a3656",0,3574918,"2500000007","0x96A8Ba1b5BEb2326C883e46eB03775A72c36a6B3","0"
,,"0x47d66f24b55f26e7b9a02478852a9e87c28e576a99fbd515a4d04597215ecc4f",0,3574920,"2500000007","0x96A8Ba1b5BEb2326C883e46eB03775A72c36a6B3","0"
,,"0x137d94f4df2f28ceed1291c253629c6b3f3e8e0e498673f4ef54f0804bb02838",0,3574923,"2500000007","0x96A8Ba1b5BEb2326C883e46eB03775A72c36a6B3","0"
,,"0x047487667c99e211da6a862201af96011984dc3bfe1d860bd1a498aaa36a95bd",0,3574925,"2500000007","0x96A8Ba1b5BEb2326C883e46eB03775A72c36a6B3","0"
,,"0xd5e0130a8a825a9220b363edec0ed573abfd983680a9ba6f07a5165dc2a28f98",0,3574928,"2500000007","0x96A8Ba1b5BEb2326C883e46eB03775A72c36a6B3","0"
,,"0x7f547f0afe444800a0d1279f49daf40053e51718ada712a670f26b41f4f858cc",0,3574931,"2500000007","0x96A8Ba1b5BEb2326C883e46eB03775A72c36a6B3","0"
,,"0xd3f91c166d23bda16e94081b45d43f02c395f7135e67a7fe36256cd30b2be2f9",0,3574933,"2500000007","0x96A8Ba1b5BEb2326C883e46eB03775A72c36a6B3","0"
,,"0xeae650f1a3628785506daff6f5be875b7503d8aeca692bd4501c89c6e28bd868",0,3581826,"3000000024","0x5Ff40197C83C3A2705ba912333Cf1a37BA249eB7","500000000000000000"
,,"0xee9866b2b6cbf0b4b2d1e7acdddc3beaec708763578877368600e6b2cdee2e5e",0,3589912,"3000000024","0xEDaf4083F29753753d0Cd6c3C50ACEb08c87b5BD","500000000000000000"
,,"0x6a402798e31a7525d863da345dc4026e4e49b0c66eea7f41957ffc8eed5218b4",0,3596908,"3000000018","0x5Ff40197C83C3A2705ba912333Cf1a37BA249eB7","500000000000000000"
,,"0x2003c8efac9d74f4ce0a9efa7b071ab55fe08a3cb94a3e73fb55dac4183909ee",0,3603981,"3000000018","0x5Ff40197C83C3A2705ba912333Cf1a37BA249eB7","500000000000000000"
,,"0x4d253102672ec2bee827622100456b69f6b4eeda3f451a5572fc4e946030cf37",0,3610586,"3000000009","0x87c9B02A10eC2CB4dcB3b2e573e26169CF3cd9Bf","500000000000000000"
,,"0x0d6fd54f4d193959722d0984994e4f83bcf6306655de11836c7fe72e8197c064",0,3617175,"3000000021","0x87c9B02A10eC2CB4dcB3b2e573e26169CF3cd9Bf","500000000000000000"
,,"0x1dbe0b0c0bf9ebbec9d9ca4b33812d1971b37d808513f22118e1e630a7861a01",0,3623826,"3000000021","0xA7E4EF0a9e15bDEf215E2ed87AE050f974ECD60b","500000000000000000"
,,"0x7a4bbc5bc93df8bb92db312a16e36b9ee44eefcdc9a888b2d76b3bd728c20319",0,3629987,"1500000010","0x96A8Ba1b5BEb2326C883e46eB03775A72c36a6B3","500000000000000000"
,,"0x46d91fd39b6a03af9f6d10bfde35362772d1712c4697c6aadbb3410ff6843754",0,3629992,"1500000010","0x96A8Ba1b5BEb2326C883e46eB03775A72c36a6B3","0"
,,"0xb593d82e02b15e9d757d6d11ec23517852dfeb334139ff44519b8564a4e8ec10",0,3629994,"1500000010","0x96A8Ba1b5BEb2326C883e46eB03775A72c36a6B3","0"
,,"0xd86fa0c70edd2316cd3d0e5a21bf5eff2bebb82a3c60d2f6be5543adfab0e6e5",0,3629996,"1500000010","0x96A8Ba1b5BEb2326C883e46eB03775A72c36a6B3","0"
,,"0x4ccbf360ed2801ab61d84950a8e99a993409367fc59fb853b8f586cee1ebca52",0,3629997,"1500000010","0x96A8Ba1b5BEb2326C883e46eB03775A72c36a6B3","0"
,,"0x5f6b07c9916950769ad7032fbe055905d18ac309e87d0cf24d75d33d5a50600e",0,3629998,"1500000010","0x96A8Ba1b5BEb2326C883e46eB03775A72c36a6B3","0"
,,"0x27cc85dc13b3255f282c15f379c93ec2f3f523b080db64548fd92f5638527f6f",0,3630000,"1500000010","0x96A8Ba1b5BEb2326C883e46eB03775A72c36a6B3","0"
,,"0x7e48d949d2bb867b01c483743844ce6b2029571ea508b91a69bdc98c2aeffedc",0,3630001,"1500000010","0x96A8Ba1b5BEb2326C883e46eB03775A72c36a6B3","0"
,,"0xd95162bec68234fac78a4739f2da8b02de351ba4ee0cdf059ab0201e524e6a93",0,3630003,"1500000010","0x96A8Ba1b5BEb2326C883e46eB03775A72c36a6B3","0"
,,"0xeae140c0655e0e95dc69b4241420b10377145388c4a353cf79b173326af44ea8",0,3630101,"1500000009","0x96A8Ba1b5BEb2326C883e46eB03775A72c36a6B3","0"
,,"0x5c96c2a4f399c8538e302dd369d81692984f70f211712f7fa28bd30c8affc9ca",0,3630103,"1500000009","0x96A8Ba1b5BEb2326C883e46eB03775A72c36a6B3","0"
,,"0x2241877c0d92ff71e8c9d174830013b83e51bbff89eaf54c72c176702ddcccde",0,3631447,"579","0x5Ff40197C83C3A2705ba912333Cf1a37BA249eB7","500000000000000000"
,,"0xe6feaaaea3d03e545bd374aa551f4daf0037e348b22c73e64e80e879b6c1f383",0,3641862,"156573","0xEDaf4083F29753753d0Cd6c3C50ACEb08c87b5BD","500000000000000000"
,,"0x9687dbc6804d034ac47127de4ecbd8de5067bc119e97a7f1b58d58f65f1e69c8",0,3647293,"1500000641","0x1fc35B79FB11Ea7D4532dA128DfA9Db573C51b09","500000000000000000"
,,"0x2cac001eac37e2f21dff723e8f65688c80e6db92b28d40519a14568fa8031be0",0,3652142,"4362","0x7Ed746476A7F6520BABD24eeE1fDbCD0F7FB271f","500000000000000000"
,,"0xab145f5cd2b4499427cb6b7bfd8070109a05b6aa1880cad66ca71f14113b84a7",0,3659686,"156579","0x7Ed746476A7F6520BABD24eeE1fDbCD0F7FB271f","500000000000000000"
,,"0x6b3cc0d8a42050530137f28e549090b86d67dbfab78df62f5b135f16a9eb51bd",0,3662025,"1500000014","0x96A8Ba1b5BEb2326C883e46eB03775A72c36a6B3","0"
,,"0x15869c9d72e794b8921327534e99bcbb6aa488e5c2c344cbf9decb2a57388335",0,3662032,"1500000014","0x96A8Ba1b5BEb2326C883e46eB03775A72c36a6B3","0"
,,"0x260c17385dba53daea2717e889ec158ea09365f6808bb1972178710670c48452",0,3662038,"1500000014","0x96A8Ba1b5BEb2326C883e46eB03775A72c36a6B3","2000000000000000000"
,,"0x800971125c00b370c5f45453a83e24d74c05cc3381c1f3e19a55170f4c060db8",0,3662057,"1500000015","0x96A8Ba1b5BEb2326C883e46eB03775A72c36a6B3","0"
,,"0xc6cd20d703cd903f88d9032eab72ea6004241ca6427d23b1db8a3f009b1cd643",0,3662063,"1500000014","0x96A8Ba1b5BEb2326C883e46eB03775A72c36a6B3","0"
,,"0x2b60f1e801318e209c684039a5f645497a768f1418902a6598729efa814f15b6",0,3662068,"1500000013","0x96A8Ba1b5BEb2326C883e46eB03775A72c36a6B3","0"
,,"0x2f66915b9b79c7eaace1c9321c0cd888e5537bcd8d5e6c9b2371b904d44de5a4",0,3662071,"1500000012","0x96A8Ba1b5BEb2326C883e46eB03775A72c36a6B3","0"
,,"0x52cf35231929e7e27792d5404c256dcdee7e0819f64c45465a222f9a4e54d7b6",0,3662074,"1500000013","0x96A8Ba1b5BEb2326C883e46eB03775A72c36a6B3","10000000000000000"
,,"0x351bdf01183a19b67a52affc0e3fabf1499e32c70cabceb5cacab89ea9f62e57",0,3662079,"1500000013","0x96A8Ba1b5BEb2326C883e46eB03775A72c36a6B3","4650000003100000"
,,"0xbec766dbbf23567711d69f1eb6d5ec89b5ca236591fe0a30d253756aecabe18e",0,3662085,"1500000013","0x96A8Ba1b5BEb2326C883e46eB03775A72c36a6B3","4650000003100000"
,,"0x8941622e48c462c84eb67110c8421d2f834087a4bfc96d85f66062f31e74ecaa",0,3662088,"1500000011","0x96A8Ba1b5BEb2326C883e46eB03775A72c36a6B3","4650000003100000"
,,"0xa8d6c6fe826bacfb386529cd9df3c09adbe23434a515181cc1bdc403019a65ab",0,3662091,"1500000012","0x96A8Ba1b5BEb2326C883e46eB03775A72c36a6B3","4650000003100000"
,,"0x3cc16c27e09928cffeb5b11e444457c71fa20c0a2418dbe54a3cf373327b7b21",0,3665989,"1500000010","0x96A8Ba1b5BEb2326C883e46eB03775A72c36a6B3","4650000003100000"
,,"0x855b9b0615056964e0924d79f61793efee3875d151232d175c4355beb6ae2b94",0,3665992,"1500000009","0x96A8Ba1b5BEb2326C883e46eB03775A72c36a6B3","4650000003100000"
,,"0x877e3f51474239705c90e1e65717243a7ad761f81fbaa7e035011a8403ef81d2",0,3672784,"156240","0x631E9B031b16b18172a2B9D66C3668A68a668d20","500000000000000000"
,,"0xfbdf1e098d83334ecfaf614e88cea872a9af674eee36c39605748f81cb78ebd5",0,3674912,"1500000017","0x96A8Ba1b5BEb2326C883e46eB03775A72c36a6B3","4650000003100000"
,,"0xa30f4e3d6c1aec6b99e6774b20cc095354507811976a5af2f39dd2ab38cdf665",0,3674942,"1500000032","0x96A8Ba1b5BEb2326C883e46eB03775A72c36a6B3","11350000000900000"
,,"0x53f65523cca598881fd768617d6f503710c5de231168f027823b8519361700ca",0,3674947,"1500000029","0x96A8Ba1b5BEb2326C883e46eB03775A72c36a6B3","11350000000900000"
,,"0x2ef61e62d78fd169a4409377596d25193c9d66cb3a597a3db81cacf88a49947a",0,3676528,"1500387273","0x96A8Ba1b5BEb2326C883e46eB03775A72c36a6B3","4650000003100000"
,,"0x3d199a80ef52c37a4df6463ccd93788d59d439604059d17f9fcbc2333e4119e1",0,3676597,"1500358625","0x96A8Ba1b5BEb2326C883e46eB03775A72c36a6B3","4650000003100000"
,,"0xfb84617eae2fc22ae8b4d52fb8d5a6b0fdb60c3a1be254994e5a3068a1815ff5",0,3676654,"2500364636","0x96A8Ba1b5BEb2326C883e46eB03775A72c36a6B3","0"
,,"0x0d5d28833d23d5bc6bbc7fa5183fa3ae32534721ff3b8059b9183e5f9a9d87d4",0,3676656,"2500417322","0x96A8Ba1b5BEb2326C883e46eB03775A72c36a6B3","0"
,,"0xd253de09d399948da76933aae10f05e2abd61c04fb3b9c30e95c27ca519d9b3e",0,3680276,"32919","0x7Ed746476A7F6520BABD24eeE1fDbCD0F7FB271f","500000000000000000"
,,"0xd507de6f3192050a8fab2e406fa46ebcecedafcdb5ca9b66f5cdfaf890da98e3",0,3680286,"1500000008","0x1fc35B79FB11Ea7D4532dA128DfA9Db573C51b09","500000000000000000"
,,"0x7c957419ea478c6db596faa96e43dc7f6cc9e99a57d0fb3c36d33a685183b9ee",0,3687949,"1710567","0x631E9B031b16b18172a2B9D66C3668A68a668d20","500000000000000000"
,,"0xf15c2d8a752f227ce69d76d162e9e60e12524966c75bfcbe7607032b8027d450",0,3687957,"1500000393","0x1fc35B79FB11Ea7D4532dA128DfA9Db573C51b09","500000000000000000"
,,"0x0202a70c8690dfaa98d8e3fb0248d9a3425e5c3109eb76c01a352426710a00d7",0,3695099,"6330963","0x7Ed746476A7F6520BABD24eeE1fDbCD0F7FB271f","500000000000000000"
,,"0x28c587dfe29a845c97177dee07f1847c26921b840ba32f2becb2841f0f7d5070",0,3695108,"1501788906","0x1fc35B79FB11Ea7D4532dA128DfA9Db573C51b09","500000000000000000"
,,"0x2dd694d8db500e0a1dbb701b5d21bd675b549a4215b5bc8e92f76d3187d44265",0,3703424,"375","0x7Ed746476A7F6520BABD24eeE1fDbCD0F7FB271f","500000000000000000"
,,"0x19ee738c52f3ac0c05fd460242b3f514e26a3413195c8bee6f515dba82b7edc7",0,3703452,"1500000013","0x1fc35B79FB11Ea7D4532dA128DfA9Db573C51b09","500000000000000000"
,,"0x6654d61472b606b25c65e8a27c495ef043ce0dfe85d06e628725edca62722223",0,3714330,"156567","0x631E9B031b16b18172a2B9D66C3668A68a668d20","500000000000000000"
,,"0x027c7dd101b77f0479b5b7400022c47fb0077b649c473778c5c712e196edaf14",0,3722517,"36058989","0x87c9B02A10eC2CB4dcB3b2e573e26169CF3cd9Bf","500000000000000000"
,,"0x682390bc3ef898690fd79b0bf1414476085116d2b28d82b57d77ec62186e3f17",0,3722941,"1500467591","0x96A8Ba1b5BEb2326C883e46eB03775A72c36a6B3","11350000000900000"
,,"0x2311bf23743cc99f01adad42dea0c4408a379ef3bb3c22af2cbf8fab60634ca0",0,3722944,"1500421820","0x96A8Ba1b5BEb2326C883e46eB03775A72c36a6B3","4650000003100000"
,,"0xa3299fa306dd3981af1e99edff6b57c1583f943d43a6af9d48e312f816b3e29e",0,3722947,"1500443067","0x96A8Ba1b5BEb2326C883e46eB03775A72c36a6B3","4650000003100000"
,,"0xb277789c55b6cff062a4c22dbc044c5d2539a3eecefb4174b511aa875ab6215b",0,3722951,"1500411623","0x96A8Ba1b5BEb2326C883e46eB03775A72c36a6B3","0"
,,"0xba919a304c65bd43a5e199fe0a714d4acb12ff4cca15ea58d43214b3cbd64fb1",0,3722954,"1500485151","0x96A8Ba1b5BEb2326C883e46eB03775A72c36a6B3","4650000003100000"
,,"0xcd56e67a4e25c844173bd3380fbea04cedca953f0b1920f0007625a05cfa372d",0,3731856,"12060333","0x87c9B02A10eC2CB4dcB3b2e573e26169CF3cd9Bf","500000000000000000"
,,"0x317994133b698c349c9dacc9e013ae57b1d2f164c3bc5bd28cbbcb71d22dc3b0",0,3744120,"4641104100","0x7Ed746476A7F6520BABD24eeE1fDbCD0F7FB271f","500000000000000000"
,,"0x40e31e094d6f2971c83e7945910a4c0d3ec6da2c622945c468712a77f23e1c96",0,3752887,"15233715291","0xA7E4EF0a9e15bDEf215E2ed87AE050f974ECD60b","500000000000000000"
,,"0x47c3cad8e9b624199efe548aca87c274de32f2190c388d02f9a3320e6b96eeb9",0,3764813,"8246429289","0xEDaf4083F29753753d0Cd6c3C50ACEb08c87b5BD","500000000000000000"
,,"0x480c64662f29b1db81c095e8dc20dd51e71259798efb0259c894fa8247560d35",0,3773090,"829017240","0xEDaf4083F29753753d0Cd6c3C50ACEb08c87b5BD","500000000000000000"
,,"0x4e3bb106c35b5aa2a7f8c44cd5a2214c1e10baa10d04ce1bfb1b7c8c981aa966",0,3779984,"1899045843","0x631E9B031b16b18172a2B9D66C3668A68a668d20","500000000000000000"
,,"0x2568e5370113d7bafd7c54fbc4d34e931d911383381b929b50f85443547b5166",0,3791402,"217663101","0x3C352eA32DFBb757CCdf4b457E52daF6eCC21917","500000000000000000"
,,"0x6e48b8af1290a0bce43f5faa18a63d3a58ee0d582ff16a980225cee65ee1133a",0,3798521,"3960","0xEDaf4083F29753753d0Cd6c3C50ACEb08c87b5BD","500000000000000000"
,,"0x48a757e4f77e76f524efea50b924293d4f90fcf0f624630b052e6382ee57197e",0,3801676,"1500000010","0x96A8Ba1b5BEb2326C883e46eB03775A72c36a6B3","510000000000009005"
,,"0xe58c9ecce74ed4d44870510ae9c164e31bb32e29efc2c3a326cb0f5da05190b9",0,3801748,"1500000010","0x96A8Ba1b5BEb2326C883e46eB03775A72c36a6B3","510000000000009005"
,,"0x56f00e0cdbb0acf49bb30931bfcae755dc4e136bb99ae968d6122761860519df",0,3801857,"1500000010","0x96A8Ba1b5BEb2326C883e46eB03775A72c36a6B3","510000000000009005"
,,"0xabcd71afceff963682c15e7a2c6e44014c6d01ca818e439bc3ca53f6cae18a07",0,3801889,"1500000010","0x96A8Ba1b5BEb2326C883e46eB03775A72c36a6B3","510000000000009005"
,,"0x7de37897ade0320acd1794953a6434a1f3ea5ab93a6f4a48e8393d979045f5a4",0,3801982,"1500000014","0x96A8Ba1b5BEb2326C883e46eB03775A72c36a6B3","510000000000009005"
,,"0x0bb0a240bc1a94d190065ae12340ba4e794fd5cdb6d0afd989568d640c4d607e",0,3802012,"1500000010","0x96A8Ba1b5BEb2326C883e46eB03775A72c36a6B3","110000000000009005"
,,"0x39805f1188a58921850098606df5f5c51ae0eebe25fb6aa16647d6eb151384b5",0,3802072,"1500000011","0x96A8Ba1b5BEb2326C883e46eB03775A72c36a6B3","510000000000009005"
,,"0xa6125d5396ac6c3d539e6f27e2b7dac946b35077cbfd3e071f6468fb7546fce5",0,3803058,"1500000018","0x96A8Ba1b5BEb2326C883e46eB03775A72c36a6B3","510000000000009005"
,,"0xc47edb5d9b34eb98c03372d261b33c520241fd8eca1a7fa8ca4cdb8af6f57a9b",0,3803059,"1500000017","0x96A8Ba1b5BEb2326C883e46eB03775A72c36a6B3","510000000000009005"
,,"0x8529c23bd353640d16dd56072c15689acac9c59cef90d6bc794ff76cb154a1b1",0,3803061,"1500000016","0x96A8Ba1b5BEb2326C883e46eB03775A72c36a6B3","510000000000009005"
,,"0x4d19b053dbe20409ef1841c01b606f39d42441b090f884cdd7a5e6f7cddf149e",0,3803063,"1500000016","0x96A8Ba1b5BEb2326C883e46eB03775A72c36a6B3","510000000000009005"
,,"0x2661bc21c1e2c95a10010f0c0e4b4ef2ddad1ba86937ab7390469eb07cd41f09",0,3803079,"1500000014","0x96A8Ba1b5BEb2326C883e46eB03775A72c36a6B3","510000000000009005"
,,"0x7b0d9247641c1265ad4855d3a9757173d60aaad99059c8884c0623c320203532",0,3803080,"1500000015","0x96A8Ba1b5BEb2326C883e46eB03775A72c36a6B3","510000000000009005"
,,"0x44f493dd0af50d2a6d475c94d1f355dca1abd1fe4843fdb9ec9e730b5a6acc7a",0,3803081,"1500000014","0x96A8Ba1b5BEb2326C883e46eB03775A72c36a6B3","510000000000009005"
,,"0x51b286d6330af6d2baf3f9574a4a3734332beed1adade9bb5e53ab2bae74e0a0",0,3803082,"1500000014","0x96A8Ba1b5BEb2326C883e46eB03775A72c36a6B3","510000000000009005"
,,"0x67220620d8496fc0ddb6a1bedb884e31f2b74dd7f46e02870d49a26bcc40fd7b",0,3803083,"1500000014","0x96A8Ba1b5BEb2326C883e46eB03775A72c36a6B3","510000000000009005"
,,"0x965749d557bc13f255ae47cb8b2012289803d26a784ff977b82757361ea92d1e",0,3803084,"1500000013","0x96A8Ba1b5BEb2326C883e46eB03775A72c36a6B3","510000000000009005"
,,"0xe9d0bc6a0b1b4ddf66cf933b64384dda89e3d07915f67002675b2f3d5b7e76c8",0,3803107,"1500000011","0x96A8Ba1b5BEb2326C883e46eB03775A72c36a6B3","510000000000009005"
,,"0x89ce31ab4c812d8044801925b70552eeecf1ea41e843163f37bcad046cb0e8f6",0,3803107,"1500000011","0x96A8Ba1b5BEb2326C883e46eB03775A72c36a6B3","510000000000009005"
,,"0xb20fdb944d604e5a9ea4d3e0f6983f3c41b76584db8fb6db09c78ed2ada32d27",0,3803110,"1500000011","0x96A8Ba1b5BEb2326C883e46eB03775A72c36a6B3","510000000000009005"
,,"0xbe8af2ff4e94545ddb2582e5ac9c9442b85ba4bc74f3290b33a530688508ba94",0,3803123,"1500000010","0x96A8Ba1b5BEb2326C883e46eB03775A72c36a6B3","510000000000009005"
,,"0xa763d3f32a1522cbd293ac9bfa426e9678371dee009214880389136a974af049",0,3803131,"1500000011","0x96A8Ba1b5BEb2326C883e46eB03775A72c36a6B3","510000000000009005"
,,"0x2a255d45d127dd3582580b881b9bcdcb66a4b5dfd9d9e8d9e0efdf886b127637",0,3807701,"1776","0x5Ff40197C83C3A2705ba912333Cf1a37BA249eB7","500000000000000000"
,,"0xf7c67348e5aeeb911c51a7ec25c154dc6cc43a54764c3f846fc0e575e4a883f1",0,3814339,"1500000007","0x96A8Ba1b5BEb2326C883e46eB03775A72c36a6B3","350000000000009005"
,,"0xbb65830dab597e41cd78d7eb9184fc15f86851b0c72c004dd7079fbf8a701c6c",0,3814423,"3546","0x2031832e54a2200bF678286f560F49A950DB2Ad5","500000000000000000"
,,"0xe2e7d1e6835f8107b22a987c5b842bc8ab0ee265d2a6c8d6b1f0bc9c6eb2784a",0,3827254,"2604","0x5Ff40197C83C3A2705ba912333Cf1a37BA249eB7","500000000000000000"
,,"0x4cd50ac88c0d9dc13d186e8bc32d680fbd8bc35fe2f493954a324a8a00535c9f",0,3829394,"2500000015","0x96A8Ba1b5BEb2326C883e46eB03775A72c36a6B3","0"
,,"0x6c7ac4169ddfe611a0b2052c6628c93a628cf551e77adb23484d756713485882",0,3829403,"2500000014","0x96A8Ba1b5BEb2326C883e46eB03775A72c36a6B3","0"
,,"0x29be325a2d95adee19929fb7b5273076488b63bd2304b7dee8633981bb365c23",0,3829405,"2500000014","0x96A8Ba1b5BEb2326C883e46eB03775A72c36a6B3","0"
,,"0x3a019e714e4adbd5e5914bfd31e0b6a0748a8103018535198845a677f430e2f8",0,3829407,"2500000013","0x96A8Ba1b5BEb2326C883e46eB03775A72c36a6B3","0"
,,"0x94a8b94b1e602e42207239444fa494397d20d1df86326076ba5e97b0fe4de28e",0,3829409,"2500000014","0x96A8Ba1b5BEb2326C883e46eB03775A72c36a6B3","0"
,,"0x27c5626b1753ef2e79512594ec3f4c3ed9144ed2c69510956218038ece639f8c",0,3829412,"2500000013","0x96A8Ba1b5BEb2326C883e46eB03775A72c36a6B3","0"
,,"0xe3dff722a2886ce9a29963a2e087d1b5e3655b52dd404da453ca62d92bfbb799",0,3829415,"2500000013","0x96A8Ba1b5BEb2326C883e46eB03775A72c36a6B3","0"
,,"0xe21e6169c561cdf99cdb3b60feba99459a8bf9e62eb690b415aa09935f24dcb2",0,3829416,"2500000014","0x96A8Ba1b5BEb2326C883e46eB03775A72c36a6B3","0"
,,"0x6ec66ecfc5ab7f2de33a59789a239dd865d393422e8c67539054c97af50206ed",0,3829419,"2500000013","0x96A8Ba1b5BEb2326C883e46eB03775A72c36a6B3","0"
,,"0xdf3b138eb1f43a3fd0b6df140edd66e070ad6c9e80a73414f546f8c814058cca",0,3829422,"2500000013","0x96A8Ba1b5BEb2326C883e46eB03775A72c36a6B3","0"
,,"0x04f55cd5dca1b62a94a6d92b89e6d9c194cf8374ccc2f85beb90a46022e8dd2f",0,3829425,"2500000012","0x96A8Ba1b5BEb2326C883e46eB03775A72c36a6B3","0"
,,"0x131f6cef85110581a07f5591704bc60b45df8b4e0cd3329cecbdae5fe2a07a23",0,3829427,"2500000012","0x96A8Ba1b5BEb2326C883e46eB03775A72c36a6B3","0"
,,"0x77a3d216da4b8684d983cb3dd8eeaf4693018b18f4551a1626de091aa3a3937d",0,3836217,"660","0x3C352eA32DFBb757CCdf4b457E52daF6eCC21917","500000000000000000"
,,"0x0148835211bd4d584fdc620513d760e64587d278e39fb89cfb667e76c88961c6",0,3839558,"1500000010","0x96A8Ba1b5BEb2326C883e46eB03775A72c36a6B3","0"
,,"0x4a45a6851f21f5b30ce0b328561d4185b46067c0b6989eca5d7cc2e018e2ebe5",0,3839563,"1500000009","0x96A8Ba1b5BEb2326C883e46eB03775A72c36a6B3","7750000000000000"
,,"0x395ec9756e8df074a515f1c26b88764037b04a777fd119a4c29cb1be211e20e5",0,3839566,"1500000009","0x96A8Ba1b5BEb2326C883e46eB03775A72c36a6B3","7750000000000000"
,,"0xd60fca7942e9e114d11636394f01833c13b689b22dcbd925856bcfcd6afbb24d",0,3845068,"2868","0x87c9B02A10eC2CB4dcB3b2e573e26169CF3cd9Bf","500000000000000000"
,,"0x23466c7547d9daec22d9d2a83a0e037748c9dc5e5ba2c3fabafece946e86dc14",0,3858549,"3504","0xA7E4EF0a9e15bDEf215E2ed87AE050f974ECD60b","500000000000000000"
,,"0x96dc57b3da5b403e4adf8f2cc051b0b375a2604e4d81687bf6c6f1aa4de0e7e8",0,3860182,"1500000019","0x96A8Ba1b5BEb2326C883e46eB03775A72c36a6B3","1000000000000000000"
,,"0x6dfb45631c3c901b021e90140919393b98382d960636848589296008f446f03a",0,3860187,"1500000019","0x96A8Ba1b5BEb2326C883e46eB03775A72c36a6B3","100000000000000000"
,,"0x85bbbd6d2b97e89e851ae1c0b952a031ff55eed8d70babdf77229f5400784480",0,3860195,"1500000018","0x96A8Ba1b5BEb2326C883e46eB03775A72c36a6B3","0"
,,"0xd57a7a9336febca5d1aef1bcb204b6d8150ae378666b924b97f43a8b856bff4d",0,3860198,"1500000019","0x96A8Ba1b5BEb2326C883e46eB03775A72c36a6B3","100000000000000000"
,,"0x241185a3ac234bc72151de65effc984b1cdd4782ff5717d663218996fb6cea4a",0,3860202,"1500000019","0x96A8Ba1b5BEb2326C883e46eB03775A72c36a6B3","100000000000000000"
,,"0x0b3d175be7498770e1f3c2b48d55715eb792a60f779e0361731980cfadbd03f0",0,3860208,"1500000019","0x96A8Ba1b5BEb2326C883e46eB03775A72c36a6B3","0"
,,"0x3b5e40e1a6e19386f6ea1ff5cf1d194afe9c960f494d09e82065ccd3ba730b79",0,3860209,"1500000018","0x96A8Ba1b5BEb2326C883e46eB03775A72c36a6B3","0"
,,"0xa23d7671dfec37ab06f3c41f5127ccd0dc3e8085fba8bb8d01bd61a9abd4b700",0,3860213,"1500000018","0x96A8Ba1b5BEb2326C883e46eB03775A72c36a6B3","0"
,,"0x73f8a86d5208a4bfa912dea028d1d19eb472eec7d8eff91dba1c3ec2efdfae3a",0,3860215,"1500000018","0x96A8Ba1b5BEb2326C883e46eB03775A72c36a6B3","0"
,,"0x133660e4e3e117b0f7a6e752f4723b950fda19979f07ac8cbdbf8f9877eeb20b",0,3861618,"1500000376","0x96A8Ba1b5BEb2326C883e46eB03775A72c36a6B3","0"
,,"0x7ee51eebb82dd764a6aa381eb1e612e21053aae9711b24afd4dede65fb82ee57",0,3861620,"1500000353","0x96A8Ba1b5BEb2326C883e46eB03775A72c36a6B3","0"
,,"0x02f7a6231c25cec800cdba3c7e18bef33ac5a87de67c809209d3a53d95c571cf",0,3861927,"1500000013","0x96A8Ba1b5BEb2326C883e46eB03775A72c36a6B3","100000000000000000"
,,"0x51be384ed8ad92e3bb5d6354501d00740411bfbd6242696933730753b9d9f31e",0,3861934,"1500000013","0x96A8Ba1b5BEb2326C883e46eB03775A72c36a6B3","0"
,,"0x759d041a282e7327186c4d629f699a98b25037996daf836f1ece0aeaab19c580",0,3861936,"1500000013","0x96A8Ba1b5BEb2326C883e46eB03775A72c36a6B3","0"
,,"0xc0c582711cda2b03d611dbc5e3f44335957c378050bb494e5d63fb77f7bd656d",0,3861948,"1500000013","0x96A8Ba1b5BEb2326C883e46eB03775A72c36a6B3","0"
,,"0xe99a12adbab9a3c27f90aa9bba035511fe4f41291563c7c4d1532bc79051b8dd",0,3861950,"1500000014","0x96A8Ba1b5BEb2326C883e46eB03775A72c36a6B3","0"
,,"0x32aa3ff4770bce3609d2291fb05aa70c443bed656e00396b924f0909f0e1fe02",0,3861952,"1500000014","0x96A8Ba1b5BEb2326C883e46eB03775A72c36a6B3","0"
,,"0x5d1e5c46737a890cfb4f3eb7c444029864e38f2bf79196854b9a481cd9d6b085",0,3861957,"1500000014","0x96A8Ba1b5BEb2326C883e46eB03775A72c36a6B3","0"
,,"0xf8837cddb590cf6e03f15896f32192acfc86aeb59eea3d8167e227af8e6c77e0",0,3861963,"1500000014","0x96A8Ba1b5BEb2326C883e46eB03775A72c36a6B3","0"
,,"0x15a6bc25b14ae4b6a586847c064532f7d7cf499567438d7f6585a1bc7e046b4a",0,3861965,"1500000016","0x96A8Ba1b5BEb2326C883e46eB03775A72c36a6B3","0"
,,"0x9e3d3aac0602e250ca8277906233cc560bf57ca378a238a1617ea54fde7cb181",0,3861977,"1500000014","0x96A8Ba1b5BEb2326C883e46eB03775A72c36a6B3","200000000000000000"
,,"0x100dc4cc488424153d20208982b674c978a601eb2834187b13556f60b71159be",0,3861983,"1500000016","0x96A8Ba1b5BEb2326C883e46eB03775A72c36a6B3","0"
,,"0x86db3bdaf8078bddd3fdc8dd1f04918ab292b6d6d269e0e3e53acd4d0abadd72",0,3865370,"4728","0x7Ed746476A7F6520BABD24eeE1fDbCD0F7FB271f","500000000000000000"
,,"0xf9151836583be0784903654bfaca87937bae7da2c54c60a500f204fa5c659e09",0,3867934,"1500000007","0x96A8Ba1b5BEb2326C883e46eB03775A72c36a6B3","200000000000000000"
,,"0x7f6b523b11a052672529b81b7bc5514e2a483cd42817fa1bf3d69b78ca8fe306",0,3867941,"1500000007","0x96A8Ba1b5BEb2326C883e46eB03775A72c36a6B3","0"
,,"0x90bdf90d48f8f4e60ed691a2a344752e58452d0731755533ea1ea60facbc9bd1",0,3867944,"1500000007","0x96A8Ba1b5BEb2326C883e46eB03775A72c36a6B3","0"
,,"0x8b16c560aab2fd6b4e5f8aaf7754d7434c66c71fc4b0683650291bd69bd248d5",0,3867958,"1500000008","0x96A8Ba1b5BEb2326C883e46eB03775A72c36a6B3","0"
,,"0x048f9f083acb4ef766c1a670ee07675ff6b2d748117df3978013bf9ad5583b4a",0,3867959,"1500000008","0x96A8Ba1b5BEb2326C883e46eB03775A72c36a6B3","0"
,,"0x184c2c9588026ddace6151957963cabbab6ebc2674c66201a8eba15a7bb51370",0,3867960,"1500000008","0x96A8Ba1b5BEb2326C883e46eB03775A72c36a6B3","0"
,,"0xa7b2272c0dcf25ca81ae5ba97f852a879b2cbe45f1c88f8695c9dcbc79b44dd0",0,3872348,"4587","0xA7E4EF0a9e15bDEf215E2ed87AE050f974ECD60b","500000000000000000"
,,"0xdd5b74102dabc45ebb4ea4abfb59c9e5716cad0c292a1590faa6dda3476028a5",0,3874954,"1500000050","0x96A8Ba1b5BEb2326C883e46eB03775A72c36a6B3","200000000000000000"
,,"0x47405d40e5aae87513ac758e666a6b8f66c728887b6e6c7f0c505594c4f2136d",0,3874962,"1500000079","0x96A8Ba1b5BEb2326C883e46eB03775A72c36a6B3","0"
,,"0x5d494fe992d81b5d69e48dce306b5635b9d64e2ed6787eeb545d0635f8d7e341",0,3874963,"1500000084","0x96A8Ba1b5BEb2326C883e46eB03775A72c36a6B3","0"
,,"0x606d3b9b7198f3b291fae964d45b02e8baa2cd600eb3d8db5f4d8445880dbefc",0,3874965,"1500000090","0x96A8Ba1b5BEb2326C883e46eB03775A72c36a6B3","0"
,,"0x1798106d3d311ba28829a3da9d3a9df5346a8cb6f0c838eea79f3741c556b181",0,3874967,"1500000101","0x96A8Ba1b5BEb2326C883e46eB03775A72c36a6B3","0"
,,"0x20fae46fe492f7025a65b1974722db5244181ddc3d330794904cd8d30c717f01",0,3874985,"1500000190","0x96A8Ba1b5BEb2326C883e46eB03775A72c36a6B3","0"
,,"0xf25fce54f86b28fedff8c2c84fbf994da62cf773d6d67a5148f2f5c488536472",0,3874986,"1500000192","0x96A8Ba1b5BEb2326C883e46eB03775A72c36a6B3","0"
,,"0xdac1d2b13be833e5cd245d167fa669f801a2cc0da23126d604d3c502f9e4abcc",0,3884517,"4281","0x631E9B031b16b18172a2B9D66C3668A68a668d20","500000000000000000"
,,"0x1c6f130f3848fa9e78f4c8357a8d773151758b6aad4ff70b999422dcc52b44c6",0,3884665,"1500000011","0x96A8Ba1b5BEb2326C883e46eB03775A72c36a6B3","200000000000000000"
,,"0xfdc687f15948c96904ac2ee0ad33a665a428c9b186673c879bbdce9059b5528e",0,3884671,"1500000011","0x96A8Ba1b5BEb2326C883e46eB03775A72c36a6B3","0"
,,"0xe55ce7f012d98c44ea5e579a8524b14af4ad652d2c53c850faaedffc4f137c48",0,3884673,"1500000012","0x96A8Ba1b5BEb2326C883e46eB03775A72c36a6B3","0"
,,"0x302d949cd47d76675f1aa30c5c68a98fc48c9e31bd29b4a8a827da0799a4f757",0,3884676,"1500000012","0x96A8Ba1b5BEb2326C883e46eB03775A72c36a6B3","0"
,,"0x8f60a5621033fa736939c8b7dde790d09e9da50d4013cbe7d65bb92672c793a8",0,3884680,"1500000011","0x96A8Ba1b5BEb2326C883e46eB03775A72c36a6B3","0"
,,"0x20af1ecf81a2d84f1308e4eaa444f817eaae0d4f98ce7dba8f45ab7536391a09",0,3884681,"1500000011","0x96A8Ba1b5BEb2326C883e46eB03775A72c36a6B3","0"
,,"0xa3e66ead1d0d4ab1da07f3b5bb8f063148159c8407d9753d17eec436d4a717f3",0,3884684,"1500000011","0x96A8Ba1b5BEb2326C883e46eB03775A72c36a6B3","0"
,,"0x7fd143f14556b6a1361f23b04f242f84152662f1c14282d9786df11c1c44e618",0,3884687,"1500000011","0x96A8Ba1b5BEb2326C883e46eB03775A72c36a6B3","0"
,,"0xf55719bd1d56c52c77adf7737fe223aba6ee43dc9469092116796d3bcd8cd3e2",0,3884702,"1500000010","0x96A8Ba1b5BEb2326C883e46eB03775A72c36a6B3","0"
,,"0xe781795332e48fede34b372d78abe201a83484e4437cf713bf5107e6d493520a",0,3884704,"1500000010","0x96A8Ba1b5BEb2326C883e46eB03775A72c36a6B3","0"
,,"0x364c738e62297bfd90afa9dbea034fb361e68e0f52dd99eee432acda39440a57",0,3890676,"1500000025","0x96A8Ba1b5BEb2326C883e46eB03775A72c36a6B3","300000000000000000"
,,"0x331e2692c82ec5d7f8a175c1476ac92ea1ef1a46ab4a39dcb5581f488c58b796",0,3890683,"1500000022","0x96A8Ba1b5BEb2326C883e46eB03775A72c36a6B3","0"
,,"0x9e3c96e856a396f30d42fccdc01bf824823811f03565755a082975958ad5b7d9",0,3890687,"1500000024","0x96A8Ba1b5BEb2326C883e46eB03775A72c36a6B3","0"
,,"0xcf1f69af8a23e01eceafd4daf28eef53f7bdc69c949d27c1c1ed8f1be951d29a",0,3890689,"1500000023","0x96A8Ba1b5BEb2326C883e46eB03775A72c36a6B3","0"
,,"0xfbe49ae6dba86e9a3ff78f6d7784586ff645918ead1c3393ac287dec34ee339f",0,3890704,"1500000032","0x96A8Ba1b5BEb2326C883e46eB03775A72c36a6B3","0"
,,"0x53b1dd4c627c509114fc8cc74bf251bef3ec2a7213705118ac3f069f432138ec",0,3890705,"1500000030","0x96A8Ba1b5BEb2326C883e46eB03775A72c36a6B3","0"
,,"0x64eb4a5a0a07d2bf4f70314dd015774b29bd5c3420d97f6d334dd28ed54d62e7",0,3890707,"1500000029","0x96A8Ba1b5BEb2326C883e46eB03775A72c36a6B3","0"
,,"0x4c1c1f6f0952dc5b90bb8e272ba495c127b8a3074f5673550efe117d4d19981d",0,3890707,"1500000029","0x96A8Ba1b5BEb2326C883e46eB03775A72c36a6B3","0"
,,"0x29cd9229eeda26fc0d499c0273c709ee236e36fcb6320800e3b4659a71b41ae5",0,3890707,"1500000029","0x96A8Ba1b5BEb2326C883e46eB03775A72c36a6B3","0"
,,"0x05d1b0a9c0c78df2ab0714b837bf65161d4a261de43d94502899d6724442e323",0,3892275,"4170","0x2031832e54a2200bF678286f560F49A950DB2Ad5","500000000000000000"
,,"0x5c3ae6724b8060d5f999829ec19916d13a3f68b3728ca0c8e4e20341aa845832",0,3900307,"4080","0xA7E4EF0a9e15bDEf215E2ed87AE050f974ECD60b","500000000000000000"
,,"0x3361002db724c40a86279f0a381dc69e36c10d966babfb4099be3b3170081722",0,3903521,"1500000013","0x96A8Ba1b5BEb2326C883e46eB03775A72c36a6B3","0"
,,"0xe2f14a2c9e2f1d64cefb0e2e6dad08811c6f2aa5a574976f79e4b420589c9f6f",0,3903524,"1500000013","0x96A8Ba1b5BEb2326C883e46eB03775A72c36a6B3","0"
,,"0x098c9511ec02df129557f9c8dc12894a833434fa61493ab04932c7098dd62427",0,3903527,"1500000012","0x96A8Ba1b5BEb2326C883e46eB03775A72c36a6B3","0"
,,"0x0e701a055ca71f75145a9278b44212e1e2406ca1394d9739d206914290cf206d",0,3903532,"1500000011","0x96A8Ba1b5BEb2326C883e46eB03775A72c36a6B3","0"
,,"0x387da34d5e5c863d1b2868aaf8d262d83f322b08937a7d08721ff311f9b271a6",0,3903537,"1500000011","0x96A8Ba1b5BEb2326C883e46eB03775A72c36a6B3","0"
,,"0x5a27703bd4fcda0ecf3d39272a1b54766cc4bf357e6821bcafbb3b55ca765fba",0,3903539,"1500000011","0x96A8Ba1b5BEb2326C883e46eB03775A72c36a6B3","0"
,,"0xd4fdabc0bc8e413ba2ce109bad047f01e6784dbfb820a17a07ee5373fa215a76",0,3905123,"2500000011","0x96A8Ba1b5BEb2326C883e46eB03775A72c36a6B3","0"
,,"0x6c71c943a5f647902e29cfe059ffe4d538152f8c8c9afd5d6d8c99d8017b27d8",0,3905127,"2500000011","0x96A8Ba1b5BEb2326C883e46eB03775A72c36a6B3","0"
,,"0x92146cfc5a399027d02b20d0abb7c7a7ac20fc675c38b520fe894695cc92ffb3",0,3905133,"1500000012","0x96A8Ba1b5BEb2326C883e46eB03775A72c36a6B3","200000000000000000"
,,"0x8cdfe76f8007632fb18cdf7ac6492696e247224413b696e3b6a43f1b027d6308",0,3905139,"1500000014","0x96A8Ba1b5BEb2326C883e46eB03775A72c36a6B3","0"
,,"0x88df764ef1a0e2c3d4f600aea388a8b50aa9aede8a75a6803e94cf5bc256d922",0,3905141,"1500000015","0x96A8Ba1b5BEb2326C883e46eB03775A72c36a6B3","0"
,,"0x5afb81c8d993a7656db97584b8d5e8ea8ec0a3df5a3199b75014e6c53707ba54",0,3905144,"1500000013","0x96A8Ba1b5BEb2326C883e46eB03775A72c36a6B3","0"
,,"0xd1068a693e6c27cb4152746082abb9cde713d978a476dd0c0351145ecd44434f",0,3905144,"1500000013","0x96A8Ba1b5BEb2326C883e46eB03775A72c36a6B3","0"
,,"0x0ef739c9da12d81195cd822007169acad7acea0e59c7e6aa745cecbda15c59c8",0,3905153,"1500000014","0x96A8Ba1b5BEb2326C883e46eB03775A72c36a6B3","0"
,,"0x1a6252600701ab343ba6d8e7040033a667dc042fee03e6af55721cd45324a617",0,3905155,"1500000014","0x96A8Ba1b5BEb2326C883e46eB03775A72c36a6B3","0"
,,"0x208c8ef33ff2a1e9a9bcddb444e476ddeaf3a84f886df99eb089f8265b6cd0f2",0,3905158,"1500000015","0x96A8Ba1b5BEb2326C883e46eB03775A72c36a6B3","0"
,,"0x2941e5a492f8b65017610ab93b330a9dbc593ce36fb514c6b063d82349e9c7ac",0,3905160,"1500000016","0x96A8Ba1b5BEb2326C883e46eB03775A72c36a6B3","0"
,,"0x93dd158dd3f3365500723be6fcd0b39e08ab962cc2f9806fee4b83b78746decb",0,3911744,"4368","0x87c9B02A10eC2CB4dcB3b2e573e26169CF3cd9Bf","500000000000000000"
,,"0x8a44a57cbd5ce8ce8117ec0b4a332de1100b56ce5364d509645bf9cd9f7e58ff",0,3920217,"3426","0x3C352eA32DFBb757CCdf4b457E52daF6eCC21917","500000000000000000"
,,"0x920daae90e096499bd314143160849c957ac7fccf3a6c9d7594b159700b270e4",0,3933954,"15654","0x2031832e54a2200bF678286f560F49A950DB2Ad5","500000000000000000"
,,"0xbc0468c33b5ccd3c05ba0ac87c1790e7104ea10e8246e4ab3aa01b805d5ec083",0,3941631,"4560","0xEDaf4083F29753753d0Cd6c3C50ACEb08c87b5BD","500000000000000000"
,,"0x1ff01eec1340d3fde2021832f073353d31a0adb6e47dad542bd6d6cba8002372",0,3950413,"2999999757","0xEDaf4083F29753753d0Cd6c3C50ACEb08c87b5BD","500000000000000000"
,,"0xe5bbcfb357519913309613c4dd3f811f94d16704fd86ec247f8da6e92084f650",0,3955607,"1546815908","0x96A8Ba1b5BEb2326C883e46eB03775A72c36a6B3","101350000000900000"
,,"0x67b07ea5ee9291e73786aa820a52e0cce95b2269a84efbdd3c255240be3e2869",0,3955611,"1556588247","0x96A8Ba1b5BEb2326C883e46eB03775A72c36a6B3","51350000000900000"
,,"0x38d88cd5d8a45a86dcf33a38b88cd7faa4ceff12ea75197856da1bce639ae968",0,3955620,"1563276749","0x96A8Ba1b5BEb2326C883e46eB03775A72c36a6B3","0"
,,"0xe7608a8e5271d820b78f61adc350914ff7d9b0d9f1170f366f58a21e8221e065",0,3955623,"1571702526","0x96A8Ba1b5BEb2326C883e46eB03775A72c36a6B3","0"
,,"0x0861f0df32ef09f0d354a477f8f2aa31b2cf4daf65c9888a88d50351cccdf381",0,3955626,"1588112885","0x96A8Ba1b5BEb2326C883e46eB03775A72c36a6B3","4650000003100000"
,,"0xa0579e6153a8bacde2322982b17d3dfcdf2c0ae401fe1c009c446a6f51334ac4",0,3955629,"1582832773","0x96A8Ba1b5BEb2326C883e46eB03775A72c36a6B3","0"
,,"0x6cbc7fd74aaf55a2955839e700e4d7e4b0223f7ce6a32e356d5203e38c3f76b7",0,3955632,"1610777041","0x96A8Ba1b5BEb2326C883e46eB03775A72c36a6B3","4650000003100000"
,,"0xe8e98c838f69c571ff73b40b93e3b020db01b21c85e30431eb50473564da06ca",0,3957288,"319191384","0x7Ed746476A7F6520BABD24eeE1fDbCD0F7FB271f","500000000000000000"
,,"0x121216e016c0d44e7a5ff71fc07fdc79c5a479e6187269fccb8fe70a9fb2510c",0,3963669,"296732235","0x631E9B031b16b18172a2B9D66C3668A68a668d20","500000000000000000"
,,"0xcf69cb4ac9809e0058d6adc570486079fe00c0ab0653aa82a565d77d86dcd53a",0,3970142,"2999995974","0x7Ed746476A7F6520BABD24eeE1fDbCD0F7FB271f","500000000000000000"
,,"0xf8b289c0a00b5900978163cbeeee47bb9265c610e4eb4a818379154f66998571",0,3977091,"2999995911","0x2031832e54a2200bF678286f560F49A950DB2Ad5","500000000000000000"
,,"0x61f83e4e0d5c7f2396749ea23e394e5e580b766447919128b9f8373dac1203f0",0,3983561,"2999995788","0x87c9B02A10eC2CB4dcB3b2e573e26169CF3cd9Bf","500000000000000000"
,,"0x76c9863c42eadeb2fb9336d9a761fa8d4a846a27a93f5e413198f30839f5f6f2",0,3996302,"8582913","0x631E9B031b16b18172a2B9D66C3668A68a668d20","500000000000000000"
,,"0xf09b274ec059d3dcf017f52c32ca300541750bf80754d408a15377aa2a89da34",0,4003842,"6804219","0x5Ff40197C83C3A2705ba912333Cf1a37BA249eB7","500000000000000000"
,,"0x085cfd5401499b149d874e29637508893fd9a1cd825430a000775e9748746d74",0,4010553,"14344914","0x7Ed746476A7F6520BABD24eeE1fDbCD0F7FB271f","500000000000000000"
,,"0xfc63665faf3252b24d1c800b3fee1cfb81958b4423b28aca3a09fc325574e170",0,4019578,"661626339","0x3C352eA32DFBb757CCdf4b457E52daF6eCC21917","500000000000000000"
,,"0xf5d5ff15720f96d015159f11674c1c8abfefa183216a106cfe6cd797db2d86c6",0,4030144,"133770870","0x5Ff40197C83C3A2705ba912333Cf1a37BA249eB7","500000000000000000"
,,"0x56428b9866cf40d6d3f81a72ee56764c90c5ba324c09b0c910cbbff5cd92adc5",0,4036987,"533098740","0xEDaf4083F29753753d0Cd6c3C50ACEb08c87b5BD","500000000000000000"
,,"0xd10f9a6f46eb3fc93109ae0a80c0d03ddded65acd919cd5189112564b5801c62",0,4045609,"591266295","0x3C352eA32DFBb757CCdf4b457E52daF6eCC21917","500000000000000000"
,,"0x0046d863887dc269b591c765b8d72afcd407ebe2404f671c7cacd73a3e6a3e17",0,4052469,"506665968","0x5Ff40197C83C3A2705ba912333Cf1a37BA249eB7","500000000000000000"
,,"0x3dd4db5f775f77275a1c508359d0e40a0c95035dec6749f87ef6f1fcd69e69cf",0,4059381,"1652203411","0x96A8Ba1b5BEb2326C883e46eB03775A72c36a6B3","340343901714900000"
,,"0xf3328a0a62e12ccee86062081175c7129405c6de106a5980cecb40fb85406625",0,4059897,"613011759","0xEDaf4083F29753753d0Cd6c3C50ACEb08c87b5BD","500000000000000000"
,,"0xa09fa143a5164c33362297891e023ca1d6c6359fec80939fdbb1ce157d5b3718",0,4071952,"658183866","0x3C352eA32DFBb757CCdf4b457E52daF6eCC21917","500000000000000000"
,,"0xecc293cb4b6892b0dcd517e74ff818d7c1a4bdf6b66f95dc076314dcc093e05c",0,4079495,"266460","0xEDaf4083F29753753d0Cd6c3C50ACEb08c87b5BD","500000000000000000"
,,"0x987ed0052b16a75793bfd1da1337098127654ad83b7f2470501c4704b1f79d4a",0,4109801,"501369504","0x87c9B02A10eC2CB4dcB3b2e573e26169CF3cd9Bf","500000000000000000"
,,"0xd5df27d54c06d7a5857e58b0e283edd4830fe61f5ce864589b6595e0552ce4c9",0,4118705,"2221450372","0x96A8Ba1b5BEb2326C883e46eB03775A72c36a6B3","1000672000000000000"
,,"0x96d4473283a4453fb0a2e98ba813890be8c1702bea314c8d99a0c2287a460153",0,4118709,"2384479784","0x96A8Ba1b5BEb2326C883e46eB03775A72c36a6B3","1400672000000000000"
,,"0x4f05978a6f7f1eed1912dd7e48d4a9a6998eeff4286109c2efe1015992027c8d",0,4118729,"2829882299","0x96A8Ba1b5BEb2326C883e46eB03775A72c36a6B3","1010000000000009528"
,,"0x905019c34478ff10782c0a73d195a69b4b3de7ccc5f3ab79abab5b9a0f217a89",0,4123127,"1528550205","0x5Ff40197C83C3A2705ba912333Cf1a37BA249eB7","500000000000000000"
,,"0xd31b13e43c5dcb06e1b7162e825ae4cb3017277e9d6fabe65644c415e5ee92fa",0,4129636,"14229177393","0x3C352eA32DFBb757CCdf4b457E52daF6eCC21917","500000000000000000"
,,"0xffc4ea75052b34be7b880520253e8dfdee276d4d84c783338a16aaaa25d1f53b",0,4135530,"1500279365","0x96A8Ba1b5BEb2326C883e46eB03775A72c36a6B3","1000021000000000000"
,,"0x1036b20228d9d86f2ef559b51f58cb79a9bcb37976c40b4df1373dcbcda55be0",0,4135533,"1500278226","0x96A8Ba1b5BEb2326C883e46eB03775A72c36a6B3","1000021000000000000"
,,"0x0d51bfdd8385f75a3cfd7d4255fe2af67fbc909333da85e68911cf509fda241e",0,4135537,"1500244526","0x96A8Ba1b5BEb2326C883e46eB03775A72c36a6B3","1000021000000000000"
,,"0xba65150e316564f7440b592898cb4d0a4da8d40d75ed9ce2b42aac645260e339",0,4135543,"1500304801","0x96A8Ba1b5BEb2326C883e46eB03775A72c36a6B3","1000021000000000000"
,,"0x070a8f4123ea403e0d058ca8f57a7d3cbf905958bba7d22417287c677c96da0b",0,4135575,"1506189780","0x96A8Ba1b5BEb2326C883e46eB03775A72c36a6B3","0"
,,"0xf0c83768ba0f9f1e3f0e727020106015d24e4a73e3b413a3801d5a37ae3aec1d",0,4138433,"10279974814","0x96A8Ba1b5BEb2326C883e46eB03775A72c36a6B3","0"
,,"0x1e1ef23a9cadd02464ccc7d93ba4c7a0bfd5be048f6e095b9b14b403c2b5d5fe",0,4138434,"9938674585","0x96A8Ba1b5BEb2326C883e46eB03775A72c36a6B3","0"
,,"0xba19bf6a768fa86db6bbbb134708c4a4cf5e58c76db21973749c3ba81f6d396a",0,4138434,"9938674585","0x96A8Ba1b5BEb2326C883e46eB03775A72c36a6B3","0"
,,"0xcb6e0ba29f71025d00750683c137472da30feb0554d3904bfb0f2392b8c49a24",0,4138435,"9750160924","0x96A8Ba1b5BEb2326C883e46eB03775A72c36a6B3","0"
,,"0xf948d680a3d905518d0c0d90251efe34260d7be16e3015c43b535cad9d4f0823",0,4138436,"9653231846","0x96A8Ba1b5BEb2326C883e46eB03775A72c36a6B3","0"
,,"0x94b1d715dfa59a210e7581fdb047b7796f332ce606f435703b7811ffee118286",0,4138436,"9653231846","0x96A8Ba1b5BEb2326C883e46eB03775A72c36a6B3","0"
,,"0xe38c9554832b646af4d9d0fd266f36d1caea3980d2158a55144c7d8fe17ad238",0,4138447,"20572362312","0x87c9B02A10eC2CB4dcB3b2e573e26169CF3cd9Bf","500000000000000000"
,,"0x657561fcd9202d1fbd15650b5d004b01f099f09880c5599ec8bbe675a01bf0a2",0,4141508,"1500000016","0x96A8Ba1b5BEb2326C883e46eB03775A72c36a6B3","103570272848968000"
,,"0xf64240a61dbc3db4b5da1dbbad9f5f79baafdc1c400dd1803037ac3b2c4a7580",0,4141513,"1500000016","0x96A8Ba1b5BEb2326C883e46eB03775A72c36a6B3","103927300133848000"
,,"0xe403a0ff27a347506b9be065ed6822228dbe0f0631dcf469832fd7aa45ddb90c",0,4141544,"1500000018","0x96A8Ba1b5BEb2326C883e46eB03775A72c36a6B3","106216000000000000"
,,"0x4737c99d1bc9722a198837efb1076e99f33432ecdc39177616114c7b2fe1aefa",0,4141548,"1500000017","0x96A8Ba1b5BEb2326C883e46eB03775A72c36a6B3","106216000000000000"
,,"0xfc2f1f107ccbf7e6ad840307ecb87155d6cb19004ef3bc280e4123844480136c",0,4141570,"1500000018","0x96A8Ba1b5BEb2326C883e46eB03775A72c36a6B3","103601229200800000"
,,"0x7f5f8357cea15405000b84d51751e4d649409a55950507f4c0ca3934dc78e4c5",0,4141579,"1500000018","0x96A8Ba1b5BEb2326C883e46eB03775A72c36a6B3","103961352120880000"
,,"0xe623f06e21bb8c3b042bbedf3b9b056080b9978b1a683f69422fe62cffb02383",0,4141583,"1500000014","0x96A8Ba1b5BEb2326C883e46eB03775A72c36a6B3","103961352120880000"
,,"0xea6a0b093801f7e7a4df0f36a709a52910c25ad98a8708f39e7329f17dd05ac0",0,4141585,"1500000014","0x96A8Ba1b5BEb2326C883e46eB03775A72c36a6B3","103961352120880000"
,,"0xde8304b4cb10e129ebacdaf2ad30f66842d508bf1342edc3e7ca1331d06d1c50",0,4141587,"1500000015","0x96A8Ba1b5BEb2326C883e46eB03775A72c36a6B3","103961352120880000"
,,"0x8a61b7bc9fedf4e21eed74cbd69f276a68a46220bc6df11265e040d229594a8b",0,4141590,"1500000016","0x96A8Ba1b5BEb2326C883e46eB03775A72c36a6B3","103961352120880000"
,,"0x01833afeaae5a7f16afecd11a1f3bb2b67021fa74ffe7a7d38364f354c992fdd",0,4141613,"1500000012","0x96A8Ba1b5BEb2326C883e46eB03775A72c36a6B3","103961352120880000"
,,"0xd7636323744a09b9a66d6e60c0264097702ea37ce9e9de207c09f67644568060",0,4141625,"1500000015","0x96A8Ba1b5BEb2326C883e46eB03775A72c36a6B3","103961352120880000"
,,"0xec8877110698cc5d34ed81e03ed263e7f3b3d2f7472f55545dd79234f6d7f320",0,4149165,"30606","0x2031832e54a2200bF678286f560F49A950DB2Ad5","500000000000000000"
,,"0x0729b60ed12d1202e4e9be3a6bf3a2d4155191f236b2362392ebf5460cfe3cc7",0,4156218,"9909307041","0x5Ff40197C83C3A2705ba912333Cf1a37BA249eB7","500000000000000000"
,,"0x79e6bca8b91ba0028f51d6d5568c984c299fc1dd9ffe2830320a758963753bde",0,4162907,"1500076842","0x96A8Ba1b5BEb2326C883e46eB03775A72c36a6B3","0"
,,"0x41feaa58d221562866943672b01620216d4fd592468cca9c6a6b0638701cbd6a",0,4162909,"1500075628","0x96A8Ba1b5BEb2326C883e46eB03775A72c36a6B3","0"
,,"0x16e01bad4c7f530d0b8fc4522f38a2161351cf3f00c35022ad8d4380e9165312",0,4162909,"1500075628","0x96A8Ba1b5BEb2326C883e46eB03775A72c36a6B3","0"
,,"0xbd4e6e83d99c85e9f002cb0af78172c0a7d69009831bd6e0f19cdfe3d3047f0c",0,4162910,"1500084980","0x96A8Ba1b5BEb2326C883e46eB03775A72c36a6B3","0"
,,"0x32051ef99715d9bd9f0028467b8062cd2271132dbd0c9163df72c81d2e836533",0,4162910,"1500084980","0x96A8Ba1b5BEb2326C883e46eB03775A72c36a6B3","0"
,,"0x7bfe1033650de840a03bfdea3d1fb7f81a2db58d8e1055ea007e5ccc73213fef",0,4162910,"1500084980","0x96A8Ba1b5BEb2326C883e46eB03775A72c36a6B3","0"
,,"0xf5b2095a0a9d9903b3014fa626c67e4624a9fde573e6a4ee6ef1d5438299f654",0,4162911,"1500086552","0x96A8Ba1b5BEb2326C883e46eB03775A72c36a6B3","0"
,,"0xb90e0139c9b071cc05dd6c10fddf07563a73f94885ad313751b60e509a8ea459",0,4162911,"1500086552","0x96A8Ba1b5BEb2326C883e46eB03775A72c36a6B3","0"
,,"0xee93f781cbe00f0f734f6f8149b48e63805c088c9081a1c2bf720848183730ce",0,4162912,"1500086149","0x96A8Ba1b5BEb2326C883e46eB03775A72c36a6B3","0"
,,"0x2843b364ab6bf719a31198393b81d1cd2630a37682c8dc339ccfb9d4941515d6",0,4163726,"4721970","0x631E9B031b16b18172a2B9D66C3668A68a668d20","500000000000000000"
,,"0x12669ead44be8af8141f68ea14284e89a3d75589fc8701b6da29420ee0b946ff",0,4182725,"1501358304","0x96A8Ba1b5BEb2326C883e46eB03775A72c36a6B3","100000000000000000"
,,"0x373ebc07f4b3d44835013e9a3e57e6bf56a044f2925086b1fc42c6054bf0ed10",0,4182730,"1502150518","0x96A8Ba1b5BEb2326C883e46eB03775A72c36a6B3","100000000000000000"
,,"0x749d6c21382cc9f84cb9797b96a29710da3b3ff9844ba4ff68ee7cb0e3da0fb2",0,4183533,"9177664818","0x96A8Ba1b5BEb2326C883e46eB03775A72c36a6B3","0"
,,"0xd8255363fdbec4a047ac3fd9741fbaa9bdf87ada10e92a5c8f1dba02350bb220",0,4183534,"9846034203","0x96A8Ba1b5BEb2326C883e46eB03775A72c36a6B3","0"
,,"0xb1622be34df86c4b10ef62556f8902b0ce1373283177dadcb98ee41fd1f964ee",0,4184389,"3533317167","0x87c9B02A10eC2CB4dcB3b2e573e26169CF3cd9Bf","500000000000000000"
,,"0xa156adddb8cc996b59678752c6e02d7ca552439eec54e8d2d6f3786a4af3da92",0,4190070,"1228394937","0x631E9B031b16b18172a2B9D66C3668A68a668d20","500000000000000000"
,,"0x3e05dbef7da51569b5b39dba1acdfa942458524bbb6adb74331b620b03a39cce",0,4194612,"1500000012","0x96A8Ba1b5BEb2326C883e46eB03775A72c36a6B3","108400000000000000"
,,"0x0ac17c1e83cef6774afd5feb85a3f79752596d48aaa633ebbe0e486a5605ce10",0,4194614,"1500000012","0x96A8Ba1b5BEb2326C883e46eB03775A72c36a6B3","108400000000000000"
,,"0xd230233b38801cd81fc4e13914107fc67e7eb637bf420756126e8c95ddf4c86a",0,4194618,"1500000013","0x96A8Ba1b5BEb2326C883e46eB03775A72c36a6B3","108400000000000000"
,,"0xf8221b3fc4a087fb895682351b8245c85939aeac75b299d484e1007a6a3c0af8",0,4194625,"2500000012","0x96A8Ba1b5BEb2326C883e46eB03775A72c36a6B3","0"
,,"0x21c9af07854bc378ffec4beda15aeabde3ad5077e593a00f08bbaef69d674422",0,4194628,"2500000012","0x96A8Ba1b5BEb2326C883e46eB03775A72c36a6B3","0"
,,"0xfefc0a42bc10c5cd561de1a5707fb9dbf28cf7d1b6b48a1a2e0d800ca257fbda",0,4194633,"2500000014","0x96A8Ba1b5BEb2326C883e46eB03775A72c36a6B3","0"
,,"0x8360c58062ab5da0a877a0f0472a4c35d043c300d108982ccac23ff6e7471635",0,4194638,"2500000013","0x96A8Ba1b5BEb2326C883e46eB03775A72c36a6B3","0"
,,"0x609faefda1febded614d4456834ffd89d88f97d0886e569007d01665c21611e5",0,4194641,"2500000014","0x96A8Ba1b5BEb2326C883e46eB03775A72c36a6B3","0"
,,"0x466a83d2556c2d37459302cb60b85e130cd42699260419aca009a6b4c453f7df",0,4195959,"1500000030","0x96A8Ba1b5BEb2326C883e46eB03775A72c36a6B3","0"
,,"0x09bed8be2806e994573b90b416e6e449ad52b0992539fb41a0b5fa469071b12b",0,4195960,"1500000033","0x96A8Ba1b5BEb2326C883e46eB03775A72c36a6B3","0"
,,"0x229f87bfd45b5c9d19b204b67b7cbb3f63d320891f04cfbeb41fc2f1995170b6",0,4197785,"1358919","0x5Ff40197C83C3A2705ba912333Cf1a37BA249eB7","500000000000000000"
,,"0xe0065fcac15091204b4ff879c64df06fa56724ff948b7192d1a955a7f14c21ba",0,4204536,"640255266","0x7Ed746476A7F6520BABD24eeE1fDbCD0F7FB271f","500000000000000000"
,,"0x2a505160691217c16457a164ada365f4d9134de88123cdd9d098930f1e92c130",0,4222992,"1763363809","0x96A8Ba1b5BEb2326C883e46eB03775A72c36a6B3","1000000000000000000"
,,"0xa2822b7b9e45d5eaab25a671f5624c8a0def8b087962857b2708fdcf20b13e38",0,4236863,"22042197","0x7Ed746476A7F6520BABD24eeE1fDbCD0F7FB271f","500000000000000000"
,,"0xe93776b54e3ca6738c30c82d06156e1105a96baffb6b8044a3e12a8fbef2055e",0,4241534,"71073033211","0x96A8Ba1b5BEb2326C883e46eB03775A72c36a6B3","500000000000000000"
,,"0xd190b5de5c93a2ef56e69f32eb1c3e94355775b3caa5a43e07c18eadb8e046f6",0,4248175,"4467","0x87c9B02A10eC2CB4dcB3b2e573e26169CF3cd9Bf","500000000000000000"
,,"0xf38ec59647ce479f53c9dd07f2489185d2edfb2d8db69bc32d0f29c071f0da1e",0,4255616,"4929","0x87c9B02A10eC2CB4dcB3b2e573e26169CF3cd9Bf","500000000000000000"
,,"0xc8037979caf4ca5442c71a3b703ea460b136b017ed3d1d61dbe27b4a21a03221",0,4264756,"4482","0xEDaf4083F29753753d0Cd6c3C50ACEb08c87b5BD","500000000000000000"
,,"0x785d18099d002ae6cf74fa6234d96284723a0832a0fe4527fcb2ab861d424fe3",0,4271637,"6723","0x631E9B031b16b18172a2B9D66C3668A68a668d20","500000000000000000"
,,"0x60cd45a055a7ffc12c5912c29a43bf336926ee2d094338b91a541bb9160eeadc",0,4280787,"19391959110","0x96A8Ba1b5BEb2326C883e46eB03775A72c36a6B3","110000000000009528"
,,"0x7514a91b318ab97bffaa29808fea2e79c0edaf200c3a7cad1ba66866bcfd69a2",0,4280787,"19391959110","0x96A8Ba1b5BEb2326C883e46eB03775A72c36a6B3","110000000000009528"
,,"0x991f6aab03316b53c6eb9d36fea0f53f5ffc7752cb1341648b6379f6ca5edd61",0,4280788,"20653654292","0x96A8Ba1b5BEb2326C883e46eB03775A72c36a6B3","110000000000009528"
,,"0x23d72d9282e3942108a38db2e509c68634b5778025acd8200a57ea6f9fb1b506",0,4280930,"112210047600","0xA7E4EF0a9e15bDEf215E2ed87AE050f974ECD60b","500000000000000000"
,,"0x9807de45cb978fa02d25cdedb7f99fc064260c990a673f8b9091b8a8fa936c1f",0,4287820,"4314","0x631E9B031b16b18172a2B9D66C3668A68a668d20","500000000000000000"
,,"0xfd1af69d38a66d6e74e45268fd538a5c83439c2eaa03a341be5099063b332a2d",0,4301279,"4855009776","0x7Ed746476A7F6520BABD24eeE1fDbCD0F7FB271f","500000000000000000"
,,"0xdcb5bb4b7cbc2308d3e3c5d022aa2377e46c4c812ff0ba27940860b42fafdd20",0,4308168,"75","0x87c9B02A10eC2CB4dcB3b2e573e26169CF3cd9Bf","500000000000000000"
,,"0xab7a58822200487da8c9136a6fb68855a7862bc650f55134657fef282dff0cbb",0,4315258,"1500495537","0x96A8Ba1b5BEb2326C883e46eB03775A72c36a6B3","10010000000000009005"
,,"0x854290ffa5e3c908e7315132a0cc9a2bb254ed0452cbc564ff45b48f9703558b",0,4315272,"1500376689","0x96A8Ba1b5BEb2326C883e46eB03775A72c36a6B3","20000000000009528"
,,"0x6103b30b0984ee8c128dd534a8a6e913d93251e4a6ae897634daa3da18160040",0,4321454,"23591525652","0xEDaf4083F29753753d0Cd6c3C50ACEb08c87b5BD","500000000000000000"
,,"0x029c03d69310ae5bba85c593670a7e575b3af105a9e5e08295a6f59591a2125a",0,4334894,"3105461250","0x2031832e54a2200bF678286f560F49A950DB2Ad5","500000000000000000"
,,"0x6256bf38cacf6b230e4d25e4323efdee4c1bd74390afd7129aa6ae338f9ed3f3",0,4338646,"1500000021","0x96A8Ba1b5BEb2326C883e46eB03775A72c36a6B3","501350000000900000"
,,"0xd283a1764442f358ba8fd6524c5fcbcfd3def807ea179e302fd713882e0b0c9d",0,4338648,"1500000021","0x96A8Ba1b5BEb2326C883e46eB03775A72c36a6B3","51350000000900000"
,,"0x58b107a04c5d40f06e5c1bb3d5ba7a632eec60b1356311cc4c74d8f50147cbed",0,4340172,"1500000256","0x96A8Ba1b5BEb2326C883e46eB03775A72c36a6B3","101350000000900000"
,,"0xa745ac5ca44889b89d72e06366200450f75c6c91a01acbf6cacd9c505418bc70",0,4340530,"1500000023","0x96A8Ba1b5BEb2326C883e46eB03775A72c36a6B3","2000000000000000000"
,,"0x53c066eecbb9b8826ec53f3e800bcffeb4f9dbe5786ec008bbd9dbef8fc4b6be",0,4344701,"2748","0x631E9B031b16b18172a2B9D66C3668A68a668d20","500000000000000000"
,,"0x8c5e6e0c64d95e9665f2796481c3cb868e8182dc7b8d23f39b18ebbd6a295792",0,4354558,"3313396872","0x7Ed746476A7F6520BABD24eeE1fDbCD0F7FB271f","500000000000000000"
,,"0x3fe862a6cbaefe146d8c083a471ec43959370244f5bbb3a69317c5439fafe616",0,4368299,"9849497379","0x7Ed746476A7F6520BABD24eeE1fDbCD0F7FB271f","500000000000000000"
,,"0x5e664c4ec2da63dee121e01a2b83220e944509162b0f82c7b64465b65960dd28",0,4374207,"15316051365","0x96A8Ba1b5BEb2326C883e46eB03775A72c36a6B3","0"
,,"0xbed7cde451b3e4f88143a72610b94080d1c3011c2e20812a509eeab5e709ee23",0,4376469,"20441682540","0x2031832e54a2200bF678286f560F49A950DB2Ad5","500000000000000000"
,,"0xbd0c3074078934ea36e7a11dc1de7739911190c83a41c86da724661ebc5c0448",0,4383883,"1753433802","0x87c9B02A10eC2CB4dcB3b2e573e26169CF3cd9Bf","500000000000000000"
,,"0x21fb51035afbf5a48910d845e05bf5b09e307dcdc68047e391ed9f3123b57991",0,4398523,"60","0x87c9B02A10eC2CB4dcB3b2e573e26169CF3cd9Bf","500000000000000000"
,,"0x749ed306a2b44502f2ebe08aa089a2eb6b38907259bed6c3b426439d6013bc63",0,4414501,"4796770248","0x7Ed746476A7F6520BABD24eeE1fDbCD0F7FB271f","500000000000000000"
,,"0xadca138b8f676cf19c108ce31e6263de2c4d0f981a8d03b39c84bf9aad81d0fa",0,4423171,"39495","0x2031832e54a2200bF678286f560F49A950DB2Ad5","500000000000000000"
,,"0xd561df07a89f047af0135efa0d154dd9b35a821ba2cf4aef87bdb8d6c0bd518c",0,4430702,"13434","0x631E9B031b16b18172a2B9D66C3668A68a668d20","500000000000000000"
,,"0x85f75f8c6230e80e5282e0484b0cf12a214375ea99e0026c9c0990e190e031e3",0,4437502,"87","0x7Ed746476A7F6520BABD24eeE1fDbCD0F7FB271f","500000000000000000"
,,"0xe8dd974e41786858b9d3222bfff5327eee835ef4ad95e31a46b64637aa394906",0,4441528,"1500000158","0x96A8Ba1b5BEb2326C883e46eB03775A72c36a6B3","1000168000000000000"
,,"0x1748eb5c22c6c441cb84f24e904937ee517c4fa02961478d9c9ef4f9a048fb95",0,4449325,"301784289","0x5Ff40197C83C3A2705ba912333Cf1a37BA249eB7","500000000000000000"
,,"0x0d9f2bf9ba953d3e0d29b784e242afb3f8f0a54a73c0ca2a13b46e572b31f8d9",0,4467919,"83716345470","0xEDaf4083F29753753d0Cd6c3C50ACEb08c87b5BD","500000000000000000"
,,"0x810e4e5326aea053d8b87a038400c1920afa915bb6f9f1578f2ed7d93510215e",0,4474368,"75","0xEDaf4083F29753753d0Cd6c3C50ACEb08c87b5BD","500000000000000000"
,,"0xeb031bbc4edc382349c3adfb2e08e0911811328e07831980480036aa896f3a49",0,4480869,"3061846404","0x3C352eA32DFBb757CCdf4b457E52daF6eCC21917","500000000000000000"
,,"0xa951efb28697c5038dc19462c0bbffca186e2138c333f32e473b8becc65b1a53",0,4502489,"75406400883","0x7Ed746476A7F6520BABD24eeE1fDbCD0F7FB271f","500000000000000000"
,,"0x0db6f03e0d8123a7a93368b24a210643a5ff7b311820cc530e353edbe37c8be7",0,4515529,"75","0x631E9B031b16b18172a2B9D66C3668A68a668d20","500000000000000000"
,,"0x27283a457467cf947d464414831b54566f8cf04a2b4a174e57d5448d49b421ec",0,4528401,"384","0x2031832e54a2200bF678286f560F49A950DB2Ad5","500000000000000000"
,,"0xc37965e6d2fb301eb39f5dd6709f490458709dcd6ccbbcf4120b2ba233830729",0,4541714,"300000036","0x3C352eA32DFBb757CCdf4b457E52daF6eCC21917","500000000000000000"
,,"0x86a37a33d04a040e82203f456418e19a94f0285e2543afa1d2f9d809fe778b92",0,4552442,"21853239290","0x96A8Ba1b5BEb2326C883e46eB03775A72c36a6B3","100000000000000000"
,,"0x63e3d034625b9fb856c77c9c3046a7bbe11babf1c346094b5fc2273fb48603f8",0,4552445,"21602508578","0x96A8Ba1b5BEb2326C883e46eB03775A72c36a6B3","100000000000000000"
,,"0x182a6228496fbe853ed5baadabbf9803cedd846fd6c50644094e9481eef25967",0,4552448,"19363415682","0x96A8Ba1b5BEb2326C883e46eB03775A72c36a6B3","100000000000000000"
,,"0x345f33058a7db3b1a8bf8dbe373bc48bfabd4a33501f9da212cb2078f73d973d",0,4552460,"16832167311","0x96A8Ba1b5BEb2326C883e46eB03775A72c36a6B3","1000000000000000000"
,,"0xaa46704cfda341e37b01ec350b29ad6a07482abf20678cef5fc1cc7099b50510",0,4561021,"489696","0x631E9B031b16b18172a2B9D66C3668A68a668d20","500000000000000000"
,,"0xe5c56372daace710ccfea6266dc6e927df8a0fd80e80b47985de79d6ea9ae574",0,4574143,"60612","0xEDaf4083F29753753d0Cd6c3C50ACEb08c87b5BD","500000000000000000"
,,"0x95df15d7f4a918bbbcc106711fec9513bf0ab0b03d95306b276021b4026510f4",0,4599235,"1650000054","0x96A8Ba1b5BEb2326C883e46eB03775A72c36a6B3","0"
,,"0xe0b6e562939ba003d09d53812d567fd24e8c8cb4435cf5d9ef40dfccf8b9c5c2",0,4599273,"1650000066","0x96A8Ba1b5BEb2326C883e46eB03775A72c36a6B3","0"
,,"0x09f671eb22175001ebf650897f598ede5d0bb1c88f94902d5966d86fa2056f37",0,4599273,"1500000060","0x96A8Ba1b5BEb2326C883e46eB03775A72c36a6B3","0"
,,"0x2dbfa054c0b9e7fc9f79a9499478184225c4b4a844ef041ad21c653f7a2bcee4",0,4599273,"1500000064","0x96A8Ba1b5BEb2326C883e46eB03775A72c36a6B3","0"
,,"0x93b3484673d298e0b4a6e055a3d1db517ba0bde1e244aefc1c054c40ed9b535c",0,4599273,"1500000064","0x96A8Ba1b5BEb2326C883e46eB03775A72c36a6B3","0"
,,"0x28e6b5ad0ecdeeae15aa6b8466adbd31f6a2f38d2e69882414030f70174ca36e",0,4599273,"1500000061","0x96A8Ba1b5BEb2326C883e46eB03775A72c36a6B3","0"
,,"0xb9f5121feb58ddbd87cceb0949a4aefe0bc4e9f4ad6e1d825e73047372de4081",0,4599273,"1500000061","0x96A8Ba1b5BEb2326C883e46eB03775A72c36a6B3","0"
,,"0x6b6b7df85c5ee6f881b1da3b5477992223051ee96346a91a21f06819f2f4bba2",0,4599273,"1500000061","0x96A8Ba1b5BEb2326C883e46eB03775A72c36a6B3","0"
,,"0x576f5685c46e84f0a31824544b453e3c1e175ce231a319497854cb328663f9ee",0,4599273,"1500000061","0x96A8Ba1b5BEb2326C883e46eB03775A72c36a6B3","0"